ticker,date,value,currency,source
BANE,2013-11-05,199.0,RUB,Foykes
BANE,2014-06-23,211.0,RUB,Foykes
BANE,2015-07-17,113.0,RUB,Foykes
BANE,2016-07-15,164.0,RUB,Foykes
BANE,2017-12-12,148.31,RUB,Foykes
BANE,2018-07-09,158.95,RUB,Foykes
BANEP,2013-11-05,199.0,RUB,Foykes
BANEP,2014-06-23,211.0,RUB,Foykes
BANEP,2015-07-17,113.0,RUB,Foykes
BANEP,2016-07-15,164.0,RUB,Foykes
BANEP,2017-07-12,0.1,RUB,Foykes
BANEP,2017-12-12,148.31,RUB,Foykes
BANEP,2018-07-09,158.95,RUB,Foykes
BSPB,2018-06-04,1.62,RUB,Foykes
KAZT,2013-08-02,1.0,RUB,Foykes
KAZT,2013-11-05,1.0,RUB,Foykes
KAZTP,2013-08-02,1.0,RUB,Foykes
KAZTP,2013-11-05,1.0,RUB,Foykes
MTLR,2019-07-18,0.0,RUB,Foykes
MTLRP,2014-07-11,0.05,RUB,Foykes
MTLRP,2015-07-11,0.05,RUB,Foykes
MTLRP,2016-07-11,0.05,RUB,Foykes
MTLRP,2017-07-11,5.14,RUB,Foykes
MTLRP,2018-07-18,16.66,RUB,Foykes
MTLRP,2019-07-18,18.21,RUB,Foykes
MTLRP,2020-07-17,3.48,RUB,Foykes
MTLRP,2021-07-13,1.17,RUB,Foykes
RTKM,2014-07-14,3.12,RUB,Foykes
RTKM,2015-07-03,3.34,RUB,Foykes
RTKM,2016-07-08,5.92,RUB,Foykes
RTKM,2017-07-07,5.39,RUB,Foykes
RTKM,2018-07-08,5.045825249373,RUB,Foykes
RTKM,2019-01-13,2.5,RUB,Foykes
RTKM,2019-07-04,2.5,RUB,Foykes
RTKM,2020-08-21,5.0,RUB,Foykes
RTKM,2021-07-12,5.0,RUB,Foykes
RTKM,2022-07-20,4.56,RUB,Foykes
RTKM,2023-12-01,5.4465,RUB,Foykes
RTKMP,2014-07-14,4.85,RUB,Foykes
RTKMP,2015-07-03,4.05,RUB,Foykes
RTKMP,2016-07-08,5.92,RUB,Foykes
RTKMP,2017-07-07,5.39,RUB,Foykes
RTKMP,2018-07-08,5.045825249373,RUB,Foykes
RTKMP,2019-01-13,2.5,RUB,Foykes
RTKMP,2019-07-04,2.5,RUB,Foykes
RTKMP,2020-08-21,5.0,RUB,Foykes
RTKMP,2021-07-12,5.0,RUB,Foykes
RTKMP,2022-07-20,4.56,RUB,Foykes
RTKMP,2023-12-01,5.4465,RUB,Foykes
SBER,2014-06-17,3.2,RUB,Foykes
SBER,2015-06-15,0.45,RUB,Foykes
SBER,2016-06-14,1.97,RUB,Foykes
SBER,2017-06-14,6.0,RUB,Foykes
SBER,2018-06-26,12.0,RUB,Foykes
SBER,2019-06-13,16.0,RUB,Foykes
SBER,2020-10-05,18.7,RUB,Foykes
SBER,2021-05-12,18.7,RUB,Foykes
SBER,2023-05-11,25.0,RUB,Foykes
SBER,2024-07-11,33.3,RUB,Foykes
SBERP,2014-06-17,3.2,RUB,Foykes
SBERP,2015-06-15,0.45,RUB,Foykes
SBERP,2016-06-14,1.97,RUB,Foykes
SBERP,2017-06-14,6.0,RUB,Foykes
SBERP,2018-06-26,12.0,RUB,Foykes
SBERP,2019-06-13,16.0,RUB,Foykes
SBERP,2020-10-05,18.7,RUB,Foykes
SBERP,2021-05-12,18.7,RUB,Foykes
SBERP,2023-05-11,25.0,RUB,Foykes
SBERP,2024-07-11,33.3,RUB,Foykes
SNGS,2014-07-16,0.6,RUB,Foykes
SNGS,2015-07-16,0.65,RUB,Foykes
SNGS,2016-07-18,0.6,RUB,Foykes
SNGS,2017-07-19,0.6,RUB,Foykes
SNGS,2018-07-19,0.65,RUB,Foykes
SNGS,2019-07-18,0.65,RUB,Foykes
SNGS,2020-07-20,0.65,RUB,Foykes
SNGS,2021-07-20,0.7,RUB,Foykes
SNGS,2022-07-20,0.8,RUB,Foykes
SNGS,2023-07-20,0.8,RUB,Foykes
SNGS,2024-07-18,0.85,RUB,Foykes
SNGSP,2014-07-16,2.36,RUB,Foykes
SNGSP,2015-07-16,8.21,RUB,Foykes
SNGSP,2016-07-18,6.92,RUB,Foykes
SNGSP,2017-07-19,0.6,RUB,Foykes
SNGSP,2018-07-19,1.38,RUB,Foykes
SNGSP,2019-07-18,7.62,RUB,Foykes
SNGSP,2020-07-20,0.97,RUB,Foykes
SNGSP,2021-07-20,6.72,RUB,Foykes
SNGSP,2022-07-20,4.73,RUB,Foykes
SNGSP,2023-07-20,0.8,RUB,Foykes
SNGSP,2024-07-18,12.29,RUB,Foykes
TATN,2014-07-16,8.23,RUB,Foykes
TATN,2015-07-15,10.58,RUB,Foykes
TATN,2016-06-24,10.96,RUB,Foykes
TATN,2016-07-08,10.96,RUB,Foykes
TATN,2017-07-07,22.81,RUB,Foykes
TATN,2017-12-23,27.78,RUB,Foykes
TATN,2018-07-06,12.16,RUB,Foykes
TATN,2018-10-12,30.27,RUB,Foykes
TATN,2019-01-09,22.26,RUB,Foykes
TATN,2019-07-05,32.38,RUB,Foykes
TATN,2019-09-27,40.11,RUB,Foykes
TATN,2019-12-30,24.36,RUB,Foykes
TATN,2020-06-30,0.0,RUB,Foykes
TATN,2020-10-12,9.94,RUB,Foykes
TATN,2021-07-09,12.3,RUB,Foykes
TATN,2021-10-12,16.52,RUB,Foykes
TATN,2022-01-10,9.98,RUB,Foykes
TATN,2022-07-08,16.14,RUB,Foykes
TATN,2022-10-11,32.71,RUB,Foykes
TATN,2023-01-10,6.86,RUB,Foykes
TATN,2023-07-04,27.71,RUB,Foykes
TATN,2023-07-11,27.71,RUB,Foykes
TATN,2023-10-11,27.54,RUB,Foykes
TATN,2024-01-09,35.17,RUB,Foykes
TATN,2024-07-04,25.17,RUB,Foykes
TATN,2024-07-09,25.17,RUB,Foykes
TATNP,2014-07-16,8.23,RUB,Foykes
TATNP,2015-07-15,10.58,RUB,Foykes
TATNP,2016-06-24,10.96,RUB,Foykes
TATNP,2016-07-08,10.96,RUB,Foykes
TATNP,2017-07-07,22.81,RUB,Foykes
TATNP,2017-12-23,27.78,RUB,Foykes
TATNP,2018-07-06,12.16,RUB,Foykes
TATNP,2018-10-12,30.27,RUB,Foykes
TATNP,2019-01-09,22.26,RUB,Foykes
TATNP,2019-07-05,32.38,RUB,Foykes
TATNP,2019-09-27,40.11,RUB,Foykes
TATNP,2019-12-30,24.36,RUB,Foykes
TATNP,2020-06-30,1.0,RUB,Foykes
TATNP,2020-10-12,9.94,RUB,Foykes
TATNP,2021-07-09,12.3,RUB,Foykes
TATNP,2021-10-12,16.52,RUB,Foykes
TATNP,2022-01-10,9.98,RUB,Foykes
TATNP,2022-07-08,16.14,RUB,Foykes
TATNP,2022-10-11,32.71,RUB,Foykes
TATNP,2023-01-10,6.86,RUB,Foykes
TATNP,2023-07-04,27.71,RUB,Foykes
TATNP,2023-07-11,27.71,RUB,Foykes
TATNP,2023-10-11,27.54,RUB,Foykes
TATNP,2024-01-09,35.17,RUB,Foykes
TATNP,2024-07-04,25.17,RUB,Foykes
TATNP,2024-07-09,25.17,RUB,Foykes
