term,coef,se_cluster,p_cluster
const,4.170154957569734e-18,1.346589268828948e-17,0.756802206099825
div_yield_gap,2.0935805452716645,0.48983689071886144,1.9196594947757188e-05
value_gap,0.03976352688472541,0.025214045720591903,0.11478661148509292
amihud_gap,-0.00022705803336135684,0.004656418179720598,0.9611086627908835
vol_gap,0.2962073169124346,0.4137943274809366,0.47409494758134907
zero_gap,0.0704436666737474,0.10062803716144304,0.4839022280457339
regime_1,0.08597510463709183,0.03276118222700979,0.008682778225058606
regime_2,0.23327430428077517,0.07645046690338826,0.0022784291593770357
regime_3,0.6375029613221175,0.12938189153412413,8.337512004164265e-07
