common,preferred,issuer,n_days,start,end,adf_log_c_p,adf_log_p_p,adf_ret_c_p,adf_ret_p_p,joh_trace_r0,joh_cv95_r0,cointegrated_5,vecm_error,ret_corr,log_value_gap,amihud_gap,vol_gap,zero_gap,mean_log_spread
BANE,BANEP,Bashneft,3178,2011-11-18,2024-08-05,0.27173716429472783,0.11198362982179638,0.0,7.996334837266136e-30,19.331989170627786,15.4943,1.0,only 0-dimensional arrays can be converted to Python scalars,0.65239326425132,-0.9049485913463933,0.2324821830050933,-0.002298334143619501,0.004405286343612334,0.33529626606313306
BSPB,BSPBP,Bank Saint Petersburg,815,2021-04-19,2024-08-05,0.9396363581465765,0.22703467204191002,0.0,1.0411508281178046e-22,15.85449575202474,15.4943,1.0,only 0-dimensional arrays can be converted to Python scalars,0.34593486139839363,4.014444474705575,-1.9294302819656277,-0.011367208589411787,-0.04294478527607362,1.5057732777286086
VGSB,VGSBP,Volgogradenergosbyt,2869,2006-09-08,2024-08-05,0.7461665233944462,0.6687377833086515,0.0,6.952547362790629e-20,11.865020536599424,15.4943,0.0,,0.373861865931013,0.5812248393473443,-0.5600410751094609,-0.013570759727132634,-0.016382014639247128,0.3248818917855667
VSYD,VSYDP,Vyborg Shipyard,1486,2012-10-09,2024-08-05,0.8712930820312543,0.21956841629258772,9.69253591128209e-25,2.5444982144259988e-30,33.30146772750063,15.4943,1.0,only 0-dimensional arrays can be converted to Python scalars,0.5861610013769889,0.29388287213255637,-0.07791760390790081,-0.005164419983069407,-0.06729475100942126,-0.06641929987578668
GAZA,GAZAP,GAZ,2290,2011-12-28,2024-08-05,0.31163704768852885,0.10807385051357038,0.0,0.0,42.62358902081502,15.4943,1.0,only 0-dimensional arrays can be converted to Python scalars,0.34678435704257554,1.052993423597453,-0.9346409524932664,-0.006420989161635304,-0.006113537117903925,0.32713051139792
IGST,IGSTP,Izhstal,1870,2012-01-04,2024-08-05,0.9064603105784961,0.9285212147214879,0.0,3.91645320340286e-22,10.91318338870043,15.4943,0.0,,0.5611492120856043,0.016595748593990933,-0.05885059242965962,-0.0011828998267364998,0.002673796791443847,0.2950663478261337
KZOS,KZOSP,Kazanorgsintez,2784,2012-03-01,2024-08-05,0.06965336045642474,0.7738168929831681,0.0,0.0,17.040434022658005,15.4943,1.0,only 0-dimensional arrays can be converted to Python scalars,0.33013539626272204,0.6371177551572149,-0.7010507932193142,-0.01349951013816911,0.012571839080459765,1.6912333051383779
KRSB,KRSBP,Krasnoyarskenergosbyt,2742,2008-10-28,2024-08-05,0.26448349816994876,0.7590498679327491,6.021172580741361e-17,1.54040977767647e-21,24.50069417736708,15.4943,1.0,only 0-dimensional arrays can be converted to Python scalars,0.207225625395535,0.2954956405862692,-0.2257632952550077,0.0009129465050947208,-0.004741064916119614,0.012069357532657839
KAZT,KAZTP,KuibyshevAzot,1919,2011-12-14,2024-08-05,0.7650705482052627,0.5126058553447466,4.990955491329988e-29,0.0,12.856766598473296,15.4943,0.0,,0.5390730977238266,1.238980588330545,-1.0061825360566523,-0.003256003061162603,0.0015633142261594554,0.042805276267380864
KGKC,KGKCP,Kurgan Generating Company,1279,2012-10-29,2024-08-05,0.4857175403036725,0.18693660069347462,5.087265345470505e-15,2.0777939506830678e-30,39.33048331064443,15.4943,1.0,only 0-dimensional arrays can be converted to Python scalars,0.36717782496715795,-0.3883977954034794,0.22322942800967072,0.013683070158181175,0.0398749022673964,-0.019573220057652985
LNZL,LNZLP,Lenzoloto,3725,2009-06-19,2024-08-05,0.06984027166820019,0.004309856705090147,1.6460310294537698e-29,0.0,11.04477770596156,15.4943,0.0,,0.5945073560748673,0.3752515738543405,-0.394624362514191,-0.0010063135013823124,-0.01154362416107383,1.1065815695381176
MTLR,MTLRP,Mechel,3334,2011-04-21,2024-08-05,0.038050491696644415,0.28547890978638646,0.0,0.0,16.311195110589768,15.4943,1.0,only 0-dimensional arrays can be converted to Python scalars,0.7871500268952837,1.6317772475365864,-0.40667763680265334,0.003343754328307136,-0.005698860227954409,0.09155105225049023
MGTS,MGTSP,MGTS,4064,2003-01-29,2024-08-05,0.2884595370167694,0.10383489072585722,0.0,3.694275142428844e-28,19.776987166969597,15.4943,1.0,only 0-dimensional arrays can be converted to Python scalars,0.45343851044567063,-1.6919199016679478,1.5484597061343366,0.003566043583976393,0.00492125984251969,0.17158771694365108
KROT,KROTP,Krasny Oktyabr,3467,2006-03-02,2024-08-05,0.45989350304285637,0.3119732066359166,0.0,1.00128734428633e-21,12.151704188318028,15.4943,0.0,,0.5462080220973499,1.4324470774261506,-1.2395131616128872,-0.0009448001004869547,-0.01326795500432651,0.5507758001293561
NKNC,NKNCP,Nizhnekamskneftekhim,3916,2008-04-18,2024-08-05,0.6301616224147232,0.6519376786026541,1.243707603609298e-22,1.6650216237817146e-22,11.017145212292936,15.4943,0.0,,0.4620136372600939,-0.9969790701608954,0.7383641416594289,-0.004021316940581596,0.022982635342185906,0.42514653955762255
VJGZ,VJGZP,Varyeganneftegaz,1743,2011-12-27,2024-08-05,0.759372795794825,0.8782851576742543,8.69765034358503e-24,0.0,4.797236232999292,15.4943,0.0,,0.47417663105412516,-0.17736253989366446,0.10262289582508721,-0.0021169837851420167,-0.02122776821572002,0.6753543139414703
DZRD,DZRDP,Donskoy Radio Components Plant,2515,2011-01-11,2024-08-05,0.6437662065602117,0.6161666644157714,6.757381834994769e-18,1.8101369425138035e-16,25.507533277270237,15.4943,1.0,only 0-dimensional arrays can be converted to Python scalars,0.4606708835641903,-0.6705045729199863,0.7816140023078857,0.006551833520207551,-0.0481113320079523,0.16920777102302803
PMSB,PMSBP,Perm Energy Supply,3284,2007-02-21,2024-08-05,0.6503796979720788,0.30392599333528986,3.9245173772314676e-25,2.3251157804429587e-21,35.81897728883855,15.4943,1.0,only 0-dimensional arrays can be converted to Python scalars,0.13385184549770507,-0.6095961892679824,0.8054383836482009,1.8085873986634082e-07,-0.032277710109622416,0.04140144178573024
LSNG,LSNGP,Rosseti Lenenergo,4190,2005-08-03,2024-08-05,0.2835543371232401,0.9252248120465337,1.9912368274768198e-27,1.0867139532315524e-21,5.266703531438265,15.4943,0.0,,0.28386025734360315,-0.6187349509324651,0.36532108632143023,0.006455306799886942,-0.0016706443914081132,-1.6775514908605678
TORS,TORSP,Rosseti Tomsk,2970,2006-01-17,2024-08-05,0.20486866156638178,0.0893924749648553,3.408123681480116e-15,3.2260288998061136e-24,20.90704047596341,15.4943,1.0,only 0-dimensional arrays can be converted to Python scalars,0.09157271379481075,-0.19512378808296837,0.3689410312941801,0.040240030241187066,0.002356902356902349,0.23455977527857
RTKM,RTKMP,Rostelecom,5195,2003-10-01,2024-08-05,0.3373614471193641,0.06319729650898286,8.859590909390852e-29,0.0,11.440471555187644,15.4943,0.0,,0.5870422323559454,1.7606318022628926,-0.21739076287385226,-0.0009616622840395508,-0.011549566891241578,0.4832506745234275
KRKN,KRKNP,Saratov Refinery,1857,2012-01-18,2024-08-05,0.05078212976209966,0.002209942754279972,1.2743975055564793e-10,4.9461370636751516e-15,26.025911204895216,15.4943,1.0,only 0-dimensional arrays can be converted to Python scalars,0.2823601826066238,-3.0001177842698876,2.4618554549226364,0.00479931483878052,0.06892837910608508,-0.23583488388781854
SARE,SAREP,Saratovenergo,3273,2003-12-01,2024-08-05,0.24627191220571493,0.19860252218340363,0.0,5.126424152133555e-21,23.69466909659871,15.4943,1.0,only 0-dimensional arrays can be converted to Python scalars,0.6599118029935144,0.1624152452994192,-0.10387495025234106,0.007469178525958228,-0.00733272227314391,0.29163458669637526
SBER,SBERP,Sberbank,4265,2007-07-20,2024-08-05,0.5336335086746005,0.5336395307234645,7.393221903922371e-19,1.6856749706609764e-15,22.51594731883326,15.4943,1.0,only 0-dimensional arrays can be converted to Python scalars,0.8900934740154852,2.3887109778915843,-0.01827369972215174,9.383652274027807e-05,-0.0018757327080890975,0.23799484415244
SVET,SVETP,Svetofor Group,50,2024-05-27,2024-08-05,,,,,,,,,,,,,,
MFGS,MFGSP,Slavneft Megionneftegaz,4785,2000-02-01,2024-08-05,7.385476203775365e-05,4.0109589745767435e-07,8.529626630911037e-30,2.2019955171391278e-28,38.82522241578818,15.4943,1.0,only 0-dimensional arrays can be converted to Python scalars,0.36577107652464735,-0.24392118389798512,0.23074819298739335,-0.006362740278577403,0.005851619644723097,0.37872731925359726
JNOS,JNOSP,Slavneft YANOS,2581,2010-07-22,2024-08-05,0.12702521018376522,0.22476935701379597,3.1085700834390757e-22,0.0,15.850799419504606,15.4943,1.0,only 0-dimensional arrays can be converted to Python scalars,0.4353505792961733,-0.13016081317850414,0.24576923421185892,-0.0001452682263407279,-0.002712127082526161,0.34735020398488337
STSB,STSBP,Stavropolenergosbyt,3357,2008-12-25,2024-08-05,0.7938319646248024,0.5731442229724653,0.0,1.5299821730703828e-29,24.52465927205695,15.4943,1.0,only 0-dimensional arrays can be converted to Python scalars,0.42200468205102704,-0.9407750422526426,0.9388017175950933,0.010960049015178691,0.011319630622579686,0.37678799535125657
SNGS,SNGSP,Surgutneftegas,5251,2003-07-31,2024-08-05,0.00034932045567056413,0.31087417280413154,1.2308544455141888e-26,2.8404413527501725e-24,29.78747357341833,15.4943,1.0,only 0-dimensional arrays can be converted to Python scalars,0.688358004347529,0.5010235680912452,-0.030943131998794397,0.00228555398630291,0.0013330794134450586,0.15198901287612712
TASB,TASBP,Tambov Energy Supply,3140,2005-09-23,2024-08-05,0.8206998834017178,0.5858812032050447,2.0415694108714727e-26,2.122018565412071e-30,31.82582745163997,15.4943,1.0,only 0-dimensional arrays can be converted to Python scalars,0.3768959558558696,0.3587620099244191,-0.3710023154364288,-0.006615253087924669,0.007643312101910826,0.2104561967147074
TATN,TATNP,Tatneft,5655,2001-12-10,2024-08-05,0.19265263651836312,0.5486177529841006,3.871068536996282e-25,6.9209903917935e-24,15.00582330130437,15.4943,0.0,,0.7391666658656254,2.4351892004525126,-0.48822588996127225,0.0036554182485255098,-0.007780725022104333,0.45691003322907014
TGKB,TGKBP,TGC-2,4043,2007-01-30,2024-08-05,0.19921440903641663,0.2741274060982432,4.8906689743853325e-30,3.0447043390404766e-24,26.947760029587933,15.4943,1.0,only 0-dimensional arrays can be converted to Python scalars,0.5302896311551227,2.755060385226347,-2.4114734463087313,-0.011084401934701962,-0.005688844917140737,-0.24371141015582673
VRSB,VRSBP,TNS Energo Voronezh,1902,2006-07-28,2024-08-05,0.8087999372759966,0.7228492308495558,1.7940049447899843e-19,0.0,17.421279293741783,15.4943,1.0,only 0-dimensional arrays can be converted to Python scalars,0.4584226695902685,1.3067032324946144,-0.6491488092553372,-0.0005401732989485097,-0.08096740273396426,0.6135092175810847
MISB,MISBP,TNS Energo Mari El,1649,2007-02-20,2024-08-05,0.8427034180325219,0.7831804859648468,0.0,1.4694565403305563e-26,24.98844452875152,15.4943,1.0,only 0-dimensional arrays can be converted to Python scalars,0.28661208519584336,0.040521880043158376,0.08076320606935461,0.007904057282484264,-0.03395997574287446,0.15392259493277208
NNSB,NNSBP,TNS Energo Nizhny Novgorod,2344,2006-11-01,2024-08-05,0.5266400935188507,0.08030036378593641,1.1020154191843535e-24,3.769788941076914e-29,7.980069191696611,15.4943,0.0,,0.5417420138484734,-0.07596245623532738,0.22784263624736223,0.008551465977146594,-0.002559726962457348,0.6543867582596021
RTSB,RTSBP,TNS Energo Rostov,3277,2005-12-27,2024-08-05,0.8606390528100698,0.7855431100565429,1.212362549664398e-28,0.0,19.254999057744726,15.4943,1.0,only 0-dimensional arrays can be converted to Python scalars,0.3341223661735951,0.225954950128056,-0.20424843374799906,-0.02199013489600707,0.020445529447665547,0.23606093532550593
YRSB,YRSBP,TNS Energo Yaroslavl,1829,2007-04-03,2024-08-05,0.796134890582642,0.6266923541744056,3.309264839028775e-16,7.555583146195825e-15,7.264756931715088,15.4943,0.0,,0.3931536107720351,-0.05740980476386959,-0.06874391165170834,0.022186698669386044,0.04155276107162385,0.7053305933400473
WTCM,WTCMP,World Trade Center Moscow,2410,2007-10-30,2024-08-05,0.018625785959582166,0.28553858108358604,0.0,1.100942510670307e-24,18.957365990859312,15.4943,1.0,only 0-dimensional arrays can be converted to Python scalars,0.3135395331532366,0.13130623686959986,-0.06808462735312482,-0.007937527362112708,-0.017012448132780078,0.36671244494254984
CNTL,CNTLP,Central Telegraph,2817,2011-10-26,2024-08-05,0.040967245491803445,0.06231518756877565,1.1480853472943791e-27,0.0,15.97899703159413,15.4943,1.0,only 0-dimensional arrays can be converted to Python scalars,0.5675761983826202,-0.48763565993936986,0.5223730945949372,-0.002280968807193931,-0.008519701810436625,0.5318770541467462
KCHE,KCHEP,Kamchatskenergo,2162,2008-09-23,2024-08-05,0.5308233224676391,0.645431699780645,2.15341802629732e-14,6.236761634297248e-18,16.18057371663717,15.4943,1.0,only 0-dimensional arrays can be converted to Python scalars,0.35641475913903414,0.8075726392640945,-0.8700600681211679,-0.011013189533291126,0.0032377428307123063,-0.4475167453937773
MAGE,MAGEP,Magadanenergo,2525,2010-11-12,2024-08-05,0.3652520788264809,0.40251681339510037,2.2481011251311032e-30,0.0,30.901018861877546,15.4943,1.0,only 0-dimensional arrays can be converted to Python scalars,0.3173926707825932,0.24031440753902977,-0.24072933503011384,-0.004478572905769522,-0.011881188118811878,0.2811799122471528
SAGO,SAGOP,Samaraenergo,3030,2003-07-21,2024-08-05,0.7019597369936774,0.719222822371776,0.0,0.0,14.17929342071487,15.4943,0.0,,0.49483196333010965,0.10519595764696987,-0.04770628417083422,0.007494560199928321,0.005940594059405946,0.12170854842617518
YKEN,YKENP,Yakutskenergo,3393,2008-09-23,2024-08-05,0.13149571461518672,0.0061800987610690465,0.0,4.100811927303018e-20,71.14812169675996,15.4943,1.0,only 0-dimensional arrays can be converted to Python scalars,0.38744846549057466,0.6946616556122169,-0.6450276745397376,-0.015098910936343538,-0.011494252873563218,0.07666325657143806
