common,preferred,mean_ils_c,common_leader_share,drlvm_mae,mean_signed_mispricing
BANE,BANEP,0.6155578697981601,0.6363636363636364,0.09422347625210475,-0.06695421949216883
BSPB,BSPBP,0.8574428835375899,1.0,0.33735463550897316,0.3129963052263145
CNTL,CNTLP,0.5745597838388162,0.5,0.3512670836350501,-0.3512670836350501
DZRD,DZRDP,0.5186189778192948,0.5,0.10635040931218302,0.07846135479593282
GAZA,GAZAP,0.744182335360072,0.9,0.14524122853401603,0.12379483976438885
IGST,IGSTP,0.6755959065924922,0.5714285714285714,0.18730635589921682,-0.17967790308196557
JNOS,JNOSP,0.5505721217352693,0.6666666666666666,0.1658075324908229,0.11900383774787208
KAZT,KAZTP,0.4504249877518995,0.5,0.2069755585317143,-0.20697555853171432
KCHE,KCHEP,0.2815839409069603,0.18181818181818182,0.3519806863724724,-0.3519806863724724
KGKC,KGKCP,0.642303850827717,0.6666666666666666,0.1049249919887932,0.048702192171324085
KRKN,KRKNP,0.7078172867502127,0.8,0.18948933812120403,0.15517572763115497
KROT,KROTP,0.5686182670321801,0.5384615384615384,0.4435263663499186,0.19538502284938694
KRSB,KRSBP,0.5264840453945893,0.6666666666666666,0.106885726494359,-0.105086530594651
KZOS,KZOSP,0.36053927092243154,0.25,0.37078748495890274,-0.3707874849589028
LNZL,LNZLP,0.6898024388842605,0.8,0.8353868616437764,0.8353868616437765
LSNG,LSNGP,0.3516772144620207,0.14285714285714285,1.1577656220924057,-1.157765622092406
MAGE,MAGEP,0.26812734499711754,0.0,0.13772046426132634,0.09286082003214771
MFGS,MFGSP,0.4865708701607616,0.4782608695652174,0.08629208029652555,-0.005500007244056049
MGTS,MGTSP,0.4862703929598859,0.5833333333333334,0.3938021416149284,0.3938021416149283
MISB,MISBP,0.4175375970983585,0.16666666666666666,0.12573811985481628,-0.08804873443747775
MTLR,MTLRP,0.46894843001741,0.25,0.5418899672384552,-0.5418899672384552
NKNC,NKNCP,0.6838268502806164,0.6666666666666666,0.220265283473391,-0.220265283473391
NNSB,NNSBP,0.5240107649688641,0.6666666666666666,0.671013710716713,0.671013710716713
PMSB,PMSBP,0.6823108923379447,0.8260869565217391,0.19284193837158858,-0.19199490525894017
RTKM,RTKMP,0.3816812371162606,0.3333333333333333,0.49794222260264975,-0.49794222260264975
RTSB,RTSBP,0.4422682015328773,0.5882352941176471,0.30772263860768956,0.14843582751115872
SAGO,SAGOP,0.5311673657865917,0.5294117647058824,0.14354224742048521,-0.13666018954273246
SARE,SAREP,0.4747199582567433,0.47058823529411764,0.24064817317558657,-0.0074064043395798435
SBER,SBERP,0.5367010656987473,0.46153846153846156,0.2811232493963597,-0.28112324939635974
SNGS,SNGSP,0.30858753826960905,0.21428571428571427,0.48190136329464495,-0.4750862320508314
STSB,STSBP,0.6263769742016473,0.6666666666666666,0.42150462135437566,-0.42150462135437566
TASB,TASBP,0.4139156545428345,0.46153846153846156,0.2843904793193946,0.2639909114878812
TATN,TATNP,0.6431992893965611,0.8235294117647058,0.4308998383015294,-0.43089983830152934
TGKB,TGKBP,0.29221627743912204,0.2,0.1953920376483296,-0.15473934421793406
TORS,TORSP,0.5967562314819725,0.6,0.20139402208034202,0.17501810798569806
VGSB,VGSBP,0.4038081072626282,0.2,0.2833875635660369,0.2814952378739854
VJGZ,VJGZP,0.6715408001959825,0.75,0.2536731023237723,0.1905702195803482
VRSB,VRSBP,0.46802695616596834,0.6,0.8333952784089129,0.8333952784089129
VSYD,VSYDP,0.5118252407144734,0.5,0.3364270719027038,0.3266875912235853
WTCM,WTCMP,0.526420642616905,0.5,0.28336635195825816,-0.2833663519582582
YKEN,YKENP,0.4783574960738681,0.22727272727272727,0.10252393568589714,0.005517237152765661
YRSB,YRSBP,0.5593146662961453,0.5555555555555556,0.5863578552523799,0.5826158898128361
