h_weeks,term,coef,se_cluster,p_cluster
1,const,-0.00036406267707941896,0.00013497304337444977,0.006990443747600436
1,gap_to_fair,0.012603254250553683,0.004258761513548319,0.00308267985126003
1,gap_R1,0.014556301894659021,0.005285697176287118,0.00588890628362458
1,gap_R2,0.0036361362682814868,0.013432132175570039,0.7866184504309404
1,gap_R3,0.08880876595318796,0.029652483003248777,0.00274457605669298
1,d_div_yield_gap,-0.25940343303275665,0.10473547018272293,0.013258524099909007
1,d_value_gap,-0.0003024474148699609,0.00047974066192887086,0.5284071398296255
1,d_vol_gap,0.04202430224792703,0.0958497283232714,0.6610677535751974
4,const,-0.0014240687812499492,0.0005780322960637777,0.013753065732256488
4,gap_to_fair,0.03691644408542304,0.012419706073067987,0.002954729419907946
4,gap_R1,0.04356034534953462,0.015016287062269538,0.0037212437388053745
4,gap_R2,0.032011847451092625,0.05196758911953259,0.5378969004008297
4,gap_R3,0.0678111815953098,0.08317829373217812,0.4149286886293073
4,d_div_yield_gap,-0.13586954819772296,0.17018980483214038,0.4246724636522179
4,d_value_gap,-0.000601358343185928,0.0005258274976097099,0.2527721895480287
4,d_vol_gap,0.14183731393955012,0.1447170619159927,0.3270363445995367
13,const,-0.003942268656584684,0.0020017101233633363,0.04890140139367116
13,gap_to_fair,0.08321967492969724,0.02990594603796829,0.005390641179042169
13,gap_R1,0.09380414621627006,0.031139904320474043,0.0025923748190993575
13,gap_R2,0.0928978388556611,0.06830893590088556,0.17384064389075327
13,gap_R3,0.128988035246946,0.1934357509744779,0.5048831272968493
13,d_div_yield_gap,-0.40511689116095007,0.15594825633733012,0.00938327404647499
13,d_value_gap,-0.0021049259594433265,0.0008391083945652107,0.012123574517871605
13,d_vol_gap,-0.05645966219593173,0.15052491404355295,0.7075971297099483
26,const,-0.008097224394375555,0.004031001823986426,0.04456498303236482
26,gap_to_fair,0.14909344603566768,0.05285997913567883,0.004794357305619268
26,gap_R1,0.13218425957477886,0.03961068998791976,0.000846618966162319
26,gap_R2,0.22551586320521755,0.06725796654587804,0.0007994113009040922
26,gap_R3,0.21082322552515845,0.18390214755339176,0.25163462230789824
26,d_div_yield_gap,-0.6224771650293182,0.18418368406623037,0.0007257707654372794
26,d_value_gap,-0.0033904851385850128,0.0013215128584695122,0.010299488793544264
26,d_vol_gap,-0.0786356356228071,0.14647151210684475,0.5913598912501794
52,const,-0.016787878832267875,0.008061048537447798,0.037288387890875074
52,gap_to_fair,0.2574007134356297,0.08378834665474262,0.0021260496563968896
52,gap_R1,0.19705109316266012,0.054214974015514276,0.0002783853948380436
52,gap_R2,0.319197753341244,0.1338551613825642,0.017095362263583422
52,gap_R3,0.34689392193753993,0.19975118742055695,0.08245248536210101
52,d_div_yield_gap,-0.5295262817313938,0.2866116000392834,0.06466897392950867
52,d_value_gap,-0.0067986790700327706,0.0020175396823925882,0.0007522629742649144
52,d_vol_gap,-0.05057790485539013,0.13668252843504944,0.7113532207914435
