dependent,term,coef,se_cluster,p_cluster,n
ils_c,const,1.7477405353084232e-18,5.86336268498728e-18,0.7656434873650493,481
ils_c,log_value_gap_z,0.05033285810647013,0.06726213302092694,0.4542738096416725,481
ils_c,amihud_gap_z,0.050702064016377266,0.060462653066512786,0.40171160726743504,481
ils_c,zero_gap_z,0.031159105006715617,0.031601052718599976,0.32412586070601657,481
ils_c,vol_gap_z,0.023007177527432168,0.021344113173243806,0.28107090082789266,481
ils_c,div_yield_gap_z,-0.014513878263529319,0.007857005703031005,0.06471046451775873,481
mis_c,const,1.6695836831779583e-18,3.711478157946927e-18,0.6528234141385019,481
mis_c,log_value_gap_z,0.05555922623100249,0.07233571419846414,0.4424428539410945,481
mis_c,amihud_gap_z,0.02587819023867305,0.07644419520014342,0.7349683885056599,481
mis_c,zero_gap_z,0.013792157850663579,0.018419416695468403,0.4539876228424795,481
mis_c,vol_gap_z,-0.052525071708576156,0.016690281464494642,0.0016492941179384918,481
mis_c,div_yield_gap_z,-0.013578293706994414,0.01157001569179101,0.2405648652951602,481
is_c_mid,const,9.37833186781351e-18,5.580030673921903e-18,0.09282209517773611,481
is_c_mid,log_value_gap_z,0.029398838017893576,0.06143215980253375,0.6322532599432822,481
is_c_mid,amihud_gap_z,0.0064993434688934626,0.0640348269130111,0.9191559309609735,481
is_c_mid,zero_gap_z,0.009489805524890748,0.015871649793411217,0.549900516891016,481
is_c_mid,vol_gap_z,-0.049808762581644905,0.015338665706826684,0.0011651850154198635,481
is_c_mid,div_yield_gap_z,-0.010253947381224258,0.008327418671251988,0.21819286876657984,481
