year,windows,mean_common_ils,median_common_ils,common_leader_share
2005,3,0.5624952335882042,0.6601024699463545,0.6666666666666666
2007,3,0.7522248027632733,0.7473934310804187,1.0
2008,5,0.32391608100975283,0.31113895310868434,0.4
2009,9,0.3566293056452144,0.25800163751643373,0.2222222222222222
2010,17,0.43013245058568594,0.24002845124167763,0.4117647058823529
2011,22,0.44637090393282863,0.4527648424918471,0.45454545454545453
2012,15,0.4594065669784476,0.47623147123472037,0.4666666666666667
2013,21,0.47690366855627647,0.5767854519030173,0.5238095238095238
2014,18,0.674797961023946,0.69440860475529,0.7222222222222222
2015,21,0.5113225886899307,0.4817027424484,0.42857142857142855
2016,35,0.5012571780443817,0.4934471643110837,0.4857142857142857
2017,27,0.5224037606957281,0.580528745799566,0.6296296296296297
2018,26,0.535517003020638,0.508303208161226,0.5
2019,44,0.5032856382468054,0.5071650230470179,0.5227272727272727
2020,48,0.4740333128888958,0.44744369305684606,0.3958333333333333
2021,55,0.5585087047732507,0.5738640890509598,0.5454545454545454
2022,50,0.5924186866710988,0.6494231248254054,0.62
2023,41,0.4078573555971464,0.36701115661857253,0.34146341463414637
2024,21,0.5417113509052589,0.5894115071875881,0.6190476190476191
