common,preferred,n_test,RSLDV_RMSE_logprice,RandomWalk_RMSE_logprice,RSLDV_better
BANE,BANEP,636,0.07119429975398925,0.031864037598985144,0
BSPB,BSPBP,163,0.16857024821380218,0.027451038235339436,0
VGSB,VGSBP,574,0.13461200427766437,0.048407019881805166,0
VSYD,VSYDP,298,0.24311455740018983,0.04739080289102472,0
GAZA,GAZAP,458,0.11122875646754522,0.03067528009414838,0
IGST,IGSTP,374,0.07141339955057534,0.042678966096067784,0
KZOS,KZOSP,557,0.19183236587080404,0.026955089150596405,0
KRSB,KRSBP,549,0.042183972515737855,0.026404661503302288,0
KAZT,KAZTP,384,0.07416027922786532,0.026754297840104493,0
KGKC,KGKCP,256,0.10983365970717945,0.030791916681591362,0
LNZL,LNZLP,745,0.42484990405966666,0.04005210705512247,0
MTLR,MTLRP,667,0.2817425148591465,0.04289958810488558,0
MGTS,MGTSP,813,0.18441569528230442,0.03592172549157621,0
KROT,KROTP,694,0.2713410148597032,0.04961656897753081,0
NKNC,NKNCP,784,0.11651786352496121,0.02787014863871635,0
VJGZ,VJGZP,349,0.11930258332119534,0.03678225717672163,0
DZRD,DZRDP,503,0.09161780994413264,0.04064702091126472,0
PMSB,PMSBP,657,0.08276780865645682,0.032375917923936993,0
LSNG,LSNGP,838,0.6929493580628961,0.03566729650352304,0
TORS,TORSP,594,0.1478597158623817,0.035923589603717936,0
RTKM,RTKMP,1039,0.26127752341927657,0.01653367393958127,0
KRKN,KRKNP,372,0.13729333974332825,0.019299257723958047,0
SARE,SAREP,655,0.15391741212264978,0.048306097867149504,0
SBER,SBERP,853,0.1494964309411103,0.025979435155494557,0
MFGS,MFGSP,957,0.08215521493779188,0.027120698127196006,0
JNOS,JNOSP,517,0.10720501233436985,0.024049139045062354,0
STSB,STSBP,672,0.2258769344397977,0.034719382769486794,0
SNGS,SNGSP,1051,0.29861200369219226,0.02354344998025639,0
TASB,TASBP,628,0.19294075387527082,0.052368837851490345,0
TATN,TATNP,1128,0.2513769330307867,0.025470614612148276,0
TGKB,TGKBP,809,0.17603966527974063,0.04107116271299688,0
VRSB,VRSBP,381,0.37846807716146025,0.04721022016375907,0
MISB,MISBP,330,0.12861478374551144,0.05690899000406177,0
NNSB,NNSBP,469,0.3280385113914892,0.04308288668159024,0
RTSB,RTSBP,656,0.2077581734651335,0.05221285885788972,0
YRSB,YRSBP,366,0.3905010408199302,0.054617809368484684,0
WTCM,WTCMP,482,0.13452819174895603,0.02859607272064953,0
CNTL,CNTLP,564,0.1727051819460412,0.03690718592973804,0
KCHE,KCHEP,433,0.1800002415094603,0.047610246825126455,0
MAGE,MAGEP,505,0.07901615560343883,0.02712824002239666,0
SAGO,SAGOP,606,0.08452702531635917,0.03912263465416174,0
YKEN,YKENP,679,0.07717533676089551,0.035239178063595805,0
