rowid,ticker,trade_date,open,close,high,low,value,volume
264,ABIO,2011-01-01,15.508,113.56,177.0,7.6,89460829048.60226,1050632740.0
265,ABIO,2011-01-01,10.812,15.099,21.985,9.265,329244623.3999992,22398800.0
91824,DATA,2024-10-02,107.98,107.42,111.0,105.6,252311318.16,2314742.0
91825,DATA,2024-10-02,107.98,104.92,111.0,104.06,360052356.5,3330475.0
91826,DATA,2024-10-03,106.0,104.98,107.8,104.5,61957874.28000002,582748.0
91827,DATA,2024-10-03,106.0,105.24,107.8,104.44,103531570.92,975816.0
91828,DATA,2024-10-04,105.48,106.2,107.98,105.2,60359979.719999984,568197.0
91829,DATA,2024-10-04,105.48,104.98,107.98,104.6,123996691.92,1172304.0
91830,DATA,2024-10-07,105.24,105.0,106.22,104.56,36602704.5,347956.0
91831,DATA,2024-10-07,105.24,105.78,107.48,104.56,100419355.28,951064.0
91832,DATA,2024-10-08,105.18,105.48,106.78,104.84,49715234.960000046,471527.0
91833,DATA,2024-10-08,105.18,105.6,106.78,104.84,90458719.36,858202.0
91834,DATA,2024-10-09,105.6,105.76,106.64,105.6,25051550.94000001,236320.0
91835,DATA,2024-10-09,105.6,106.08,106.64,105.48,44489096.0,420091.0
91836,DATA,2024-10-10,106.1,107.92,109.6,105.7,91965969.44,851835.0
91837,DATA,2024-10-10,106.1,108.1,109.6,105.7,111452873.04,1031725.0
91838,DATA,2024-10-11,107.98,110.92,111.84,107.98,76224215.10000004,689383.0
91839,DATA,2024-10-11,107.98,111.66,114.4,107.98,172681383.18,1545601.0
91841,DATA,2024-10-15,111.34,111.66,112.46,110.3,28127258.53999999,252137.0
91842,DATA,2024-10-15,111.34,112.0,112.46,110.3,44655966.2,400274.0
91843,DATA,2024-10-16,111.78,110.42,112.5,110.02,18305803.70000002,164513.0
91844,DATA,2024-10-16,111.78,112.3,112.5,110.02,53989655.14,484097.0
91845,DATA,2024-10-17,112.68,114.54,114.98,112.32,65545014.099999934,575199.0
91846,DATA,2024-10-17,112.68,114.02,114.98,112.32,86172976.84,756159.0
91847,DATA,2024-10-18,112.92,113.6,113.9,110.34,33242516.46000001,294301.0
91848,DATA,2024-10-18,112.92,114.42,115.88,110.34,61957194.04,546186.0
91849,DATA,2024-10-21,114.44,116.28,118.0,114.44,39732170.99999998,342513.0
91850,DATA,2024-10-21,114.44,114.9,118.0,114.44,71031062.2,612021.0
91851,DATA,2024-10-22,116.76,118.26,119.44,116.76,81004026.62,684996.0
91852,DATA,2024-10-22,116.76,117.46,119.44,116.06,116909662.9,991138.0
91853,DATA,2024-10-23,118.94,120.48,122.5,118.34,113263900.96000008,940194.0
91854,DATA,2024-10-23,118.94,122.54,122.74,118.34,181905043.02,1506859.0
91855,DATA,2024-10-24,123.0,120.58,126.0,117.06,223307499.1,1840269.0
91856,DATA,2024-10-24,123.0,121.36,126.0,117.06,259740982.92,2139877.0
91857,DATA,2024-10-25,120.6,119.12,120.64,118.0,31323879.660000008,261906.0
91858,DATA,2024-10-25,120.6,118.3,121.0,117.0,144576603.32,1216281.0
91859,DATA,2024-10-28,117.3,117.3,122.52,116.5,70944114.92000006,598617.0
91860,DATA,2024-10-28,117.3,119.22,122.52,116.5,100882210.3,851369.0
91861,DATA,2024-10-29,121.0,118.0,121.0,117.5,21540479.96,181416.0
91862,DATA,2024-10-29,121.0,118.28,121.0,117.5,39500312.94,333347.0
91863,DATA,2024-10-30,118.96,121.32,121.5,118.16,35219606.02,293345.0
91864,DATA,2024-10-30,118.96,122.7,122.74,118.16,86696910.5,717079.0
91865,DATA,2024-10-31,122.6,124.68,126.44,122.6,117178037.79999998,936042.0
91866,DATA,2024-10-31,122.6,124.74,126.44,122.5,157406611.06,1258699.0
91869,DATA,2024-11-05,124.28,123.54,125.0,122.56,23119035.019999985,187190.0
91870,DATA,2024-11-05,124.28,122.78,125.0,122.0,61156058.3,496234.0
91871,DATA,2024-11-06,123.7,121.5,124.1,120.46,58606002.74000005,480032.0
91872,DATA,2024-11-06,123.7,118.5,124.1,117.5,135761256.04,1125618.0
91873,DATA,2024-11-07,119.86,116.92,120.62,116.8,42628592.45999999,361791.0
91874,DATA,2024-11-07,119.86,117.5,120.62,116.0,125113791.36,1069159.0
91875,DATA,2024-11-08,122.0,119.32,123.2,119.0,163247823.49999988,1342005.0
91876,DATA,2024-11-08,122.0,119.32,123.2,118.7,204672279.86,1688878.0
91877,DATA,2024-11-11,120.64,119.08,121.2,118.3,48227522.47999997,402958.0
91878,DATA,2024-11-11,120.64,117.86,121.2,117.6,83611068.92,702493.0
91879,DATA,2024-11-12,118.5,116.94,118.74,116.32,30315730.059999995,258215.0
91880,DATA,2024-11-12,118.5,118.18,118.74,116.32,72228579.38,615671.0
91881,DATA,2024-11-13,118.02,119.18,119.54,117.02,27208219.62,230235.0
91882,DATA,2024-11-13,118.02,118.2,119.78,117.02,52747879.42,445086.0
91884,DATA,2024-11-15,117.78,118.2,118.72,116.16,25395337.88,215754.0
91885,DATA,2024-11-15,117.78,118.34,118.72,116.16,42911966.04,364014.0
91886,DATA,2024-11-18,117.0,118.44,120.0,116.32,41403672.35999996,349472.0
91887,DATA,2024-11-18,117.0,118.5,120.0,116.32,57480508.2,485173.0
91888,DATA,2024-11-19,118.0,119.06,119.88,117.8,43285734.48000001,364960.0
91889,DATA,2024-11-19,118.0,119.38,121.6,117.8,113333848.44,951688.0
91890,DATA,2024-11-20,119.48,121.1,121.4,119.22,37971935.66,315388.0
91891,DATA,2024-11-20,119.48,120.3,122.4,119.22,68697552.12,568309.0
91893,DATA,2024-11-22,119.68,118.56,120.3,118.26,21389238.160000023,179744.0
91894,DATA,2024-11-22,119.68,118.16,120.3,117.62,50099799.12,422287.0
91895,DATA,2024-11-25,118.16,117.8,118.86,117.48,14169502.620000012,120204.0
91896,DATA,2024-11-25,118.16,117.1,118.86,116.8,36084484.42,307217.0
91897,DATA,2024-11-26,117.6,116.82,117.82,116.8,13030310.020000003,111261.0
91898,DATA,2024-11-26,117.6,114.84,117.82,112.34,50244162.28,431970.0
91899,DATA,2024-11-27,115.0,112.3,116.56,110.16,44913835.95999999,395621.0
91900,DATA,2024-11-27,115.0,110.8,116.56,110.1,76653886.16,680562.0
91901,DATA,2024-11-28,112.04,112.9,117.34,112.02,39757406.93999998,348231.0
91902,DATA,2024-11-28,112.04,113.56,117.34,112.02,63465080.52,555922.0
91903,DATA,2024-11-29,115.98,115.02,116.38,113.58,22780904.16000001,197569.0
91904,DATA,2024-11-29,115.98,115.5,116.38,113.58,30953914.14,268533.0
91905,DATA,2024-12-02,115.5,115.74,116.26,115.24,12079101.739999996,104450.0
91906,DATA,2024-12-02,115.5,115.68,116.26,113.62,22578771.72,195654.0
91907,DATA,2024-12-03,115.68,114.62,116.16,113.68,12224012.559999987,106304.0
91908,DATA,2024-12-03,115.68,114.46,116.16,113.68,27459715.16,239219.0
91909,DATA,2024-12-04,115.0,114.76,115.38,114.0,7703211.719999999,67205.0
91910,DATA,2024-12-04,115.0,114.22,115.38,114.0,13802804.82,120344.0
91911,DATA,2024-12-05,114.2,115.4,115.78,114.02,7695906.78,66731.0
91912,DATA,2024-12-05,114.2,115.64,115.78,114.02,28781997.52,249313.0
91913,DATA,2024-12-06,115.66,118.6,121.3,115.4,43302306.460000016,366247.0
91914,DATA,2024-12-06,115.66,122.34,124.9,115.4,107291971.56,890080.0
91915,DATA,2024-12-09,122.06,123.54,127.58,122.06,74228224.5200002,593017.0
91916,DATA,2024-12-09,122.06,124.92,127.58,122.06,90164843.44,721296.0
91917,DATA,2024-12-10,124.8,122.78,124.94,121.4,26286890.739999983,213679.0
91918,DATA,2024-12-10,124.8,122.78,124.94,121.4,30222591.64,245703.0
91919,DATA,2024-12-11,122.72,120.32,122.72,119.14,39327498.119999945,325369.0
91920,DATA,2024-12-11,122.72,122.4,122.72,119.14,53416011.8,441638.0
91921,DATA,2024-12-12,122.1,121.4,123.08,121.3,9946937.96,81473.0
91922,DATA,2024-12-12,122.1,121.22,123.08,121.06,18824214.22,154507.0
91923,DATA,2024-12-13,121.2,120.12,121.62,118.5,26047313.28000002,216347.0
91924,DATA,2024-12-13,121.2,120.86,121.62,118.5,33504367.12,278236.0
91925,DATA,2024-12-16,120.0,118.08,120.46,117.36,22568929.78,191017.0
91926,DATA,2024-12-16,120.0,119.4,120.78,117.36,30081682.06,253986.0
91927,DATA,2024-12-17,119.4,119.3,120.42,117.5,18306610.319999985,153854.0
91928,DATA,2024-12-17,119.4,119.3,120.42,117.5,23406267.5,196684.0
91929,DATA,2024-12-18,119.52,123.56,123.72,119.52,34070406.400000006,279905.0
91930,DATA,2024-12-18,119.52,123.38,123.72,119.52,53378911.7,437052.0
91931,DATA,2024-12-19,123.48,126.0,126.42,122.34,33121281.540000003,264142.0
91932,DATA,2024-12-19,123.48,127.34,127.34,122.34,84532677.36,671899.0
91933,DATA,2024-12-20,127.2,130.0,130.0,122.32,74234700.22000003,582973.0
91934,DATA,2024-12-20,127.2,133.0,134.82,122.32,169742435.66,1310028.0
91935,DATA,2024-12-23,134.7,133.96,138.8,130.4,105207981.32,782597.0
91936,DATA,2024-12-23,134.7,131.98,138.8,128.12,160457498.12,1202406.0
146363,HEAD,2024-09-26,3899.0,3994.0,4095.0,3719.0,7323389837.0,1888191.0
146364,HEAD,2024-09-26,3899.0,3935.0,4095.0,3719.0,9245555078.0,2378148.0
146365,HEAD,2024-09-27,3949.0,4004.0,4040.0,3940.0,1468148772.0,366772.0
146366,HEAD,2024-09-27,3949.0,4198.0,4258.0,3940.0,4361545653.0,1061293.0
146367,HEAD,2024-09-30,4250.0,4387.0,4459.0,4230.0,2999392114.0,684065.0
146368,HEAD,2024-09-30,4250.0,4498.0,4498.0,4230.0,4321188172.0,982534.0
146370,HEAD,2024-10-02,4299.0,4395.0,4400.0,4285.0,1155315624.0,265426.0
146371,HEAD,2024-10-02,4299.0,4226.0,4400.0,4159.0,2536515647.0,587857.0
146372,HEAD,2024-10-03,4305.0,4338.0,4383.0,4264.0,2437478115.0,564328.0
146373,HEAD,2024-10-03,4305.0,4280.0,4383.0,4264.0,4195709837.0,972765.0
146374,HEAD,2024-10-04,4285.0,4222.0,4305.0,4207.0,862568823.0,202377.0
146375,HEAD,2024-10-04,4285.0,4240.0,4305.0,4182.0,1721061587.0,405414.0
146376,HEAD,2024-10-07,4240.0,4154.0,4270.0,4126.0,735136169.0,175814.0
146377,HEAD,2024-10-07,4240.0,4164.0,4270.0,4103.0,1437843374.0,344630.0
146378,HEAD,2024-10-08,4150.0,4240.0,4256.0,4054.0,1500105051.0,360981.0
146379,HEAD,2024-10-08,4150.0,4201.0,4256.0,4054.0,2077078650.0,497384.0
146380,HEAD,2024-10-09,4200.0,4173.0,4244.0,4160.0,396018773.0,94456.0
146381,HEAD,2024-10-09,4200.0,4170.0,4248.0,4160.0,890970841.0,212420.0
146382,HEAD,2024-10-10,4191.0,4172.0,4214.0,4152.0,223876449.0,53562.0
146383,HEAD,2024-10-10,4191.0,4189.0,4219.0,4152.0,874069783.0,208807.0
146384,HEAD,2024-10-11,4187.0,4152.0,4187.0,4102.0,379259640.0,91245.0
146385,HEAD,2024-10-11,4187.0,4140.0,4187.0,4102.0,556780322.0,133935.0
146387,HEAD,2024-10-15,4144.0,4165.0,4183.0,4119.0,521680149.0,125476.0
146388,HEAD,2024-10-15,4144.0,4149.0,4183.0,4119.0,936880189.0,225349.0
146389,HEAD,2024-10-16,4160.0,4130.0,4218.0,4121.0,436588307.0,105023.0
146390,HEAD,2024-10-16,4160.0,4117.0,4218.0,4100.0,1020540625.0,246204.0
146391,HEAD,2024-10-17,4120.0,4104.0,4136.0,4095.0,333249635.0,81092.0
146392,HEAD,2024-10-17,4120.0,4113.0,4159.0,4095.0,711407268.0,172738.0
146393,HEAD,2024-10-18,4113.0,4110.0,4131.0,4092.0,350700604.0,85352.0
146394,HEAD,2024-10-18,4113.0,4070.0,4131.0,4069.0,646267628.0,157625.0
146395,HEAD,2024-10-21,4066.0,4047.0,4113.0,4037.0,393195331.0,96649.0
146396,HEAD,2024-10-21,4066.0,4060.0,4113.0,4031.0,764708790.0,188408.0
146397,HEAD,2024-10-22,4059.0,3983.0,4059.0,3951.0,882551194.0,221157.0
146398,HEAD,2024-10-22,4059.0,3998.0,4059.0,3933.0,1467383327.0,368515.0
146399,HEAD,2024-10-23,3984.0,4125.0,4177.0,3911.0,1743733932.0,427592.0
146400,HEAD,2024-10-23,3984.0,4090.0,4177.0,3911.0,2594249631.0,634616.0
146401,HEAD,2024-10-24,4100.0,4134.0,4174.0,4065.0,710897155.0,172185.0
146402,HEAD,2024-10-24,4100.0,4195.0,4231.0,4065.0,1588775420.0,382153.0
146403,HEAD,2024-10-25,4220.0,4181.0,4250.0,4160.0,812515142.0,192878.0
146404,HEAD,2024-10-25,4220.0,4160.0,4250.0,4010.0,2635203807.0,633291.0
146405,HEAD,2024-10-28,4136.0,4093.0,4136.0,4050.0,554124435.0,135181.0
146406,HEAD,2024-10-28,4136.0,4100.0,4136.0,4050.0,1135457769.0,277216.0
146407,HEAD,2024-10-29,4500.0,4255.0,4500.0,4186.0,5599837333.0,1294486.0
146408,HEAD,2024-10-29,4500.0,4312.0,4500.0,4186.0,7214096150.0,1669968.0
146409,HEAD,2024-10-30,4329.0,4308.0,4341.0,4281.0,778228822.0,180635.0
146410,HEAD,2024-10-30,4329.0,4290.0,4341.0,4275.0,1208766750.0,280974.0
146411,HEAD,2024-10-31,4250.0,4231.0,4270.0,4200.0,539072368.0,127298.0
146412,HEAD,2024-10-31,4250.0,4190.0,4270.0,4186.0,972527918.0,229771.0
146415,HEAD,2024-11-05,4283.0,4270.0,4297.0,4253.0,416037000.0,97380.0
146416,HEAD,2024-11-05,4283.0,4262.0,4297.0,4246.0,745678884.0,174821.0
146417,HEAD,2024-11-06,4300.0,4298.0,4343.0,4273.0,975319700.0,226434.0
146418,HEAD,2024-11-06,4300.0,4297.0,4343.0,4273.0,1353382845.0,314362.0
146419,HEAD,2024-11-07,4299.0,4289.0,4313.0,4276.0,161275257.0,37555.0
146420,HEAD,2024-11-07,4299.0,4313.0,4315.0,4276.0,428799538.0,99728.0
146421,HEAD,2024-11-08,4320.0,4350.0,4370.0,4317.0,531535192.0,122271.0
146422,HEAD,2024-11-08,4320.0,4399.0,4400.0,4317.0,905481649.0,207701.0
146423,HEAD,2024-11-11,4431.0,4468.0,4500.0,4431.0,858849964.0,192212.0
146424,HEAD,2024-11-11,4431.0,4400.0,4500.0,4370.0,1822954566.0,410165.0
146425,HEAD,2024-11-12,4400.0,4389.0,4416.0,4370.0,394230988.0,89867.0
146426,HEAD,2024-11-12,4400.0,4385.0,4416.0,4330.0,1010014944.0,231041.0
146427,HEAD,2024-11-13,4390.0,4465.0,4470.0,4362.0,728017002.0,165162.0
146428,HEAD,2024-11-13,4390.0,4498.0,4500.0,4362.0,1791918790.0,402641.0
146430,HEAD,2024-11-15,4500.0,4465.0,4518.0,4402.0,1020865572.0,228554.0
146431,HEAD,2024-11-15,4500.0,4466.0,4518.0,4402.0,1574768653.0,352899.0
146432,HEAD,2024-11-18,4400.0,4464.0,4480.0,4350.0,642361310.0,144425.0
146433,HEAD,2024-11-18,4400.0,4453.0,4480.0,4350.0,995886212.0,223837.0
146434,HEAD,2024-11-19,4460.0,4412.0,4465.0,4390.0,438733693.0,99228.0
146435,HEAD,2024-11-19,4460.0,4360.0,4465.0,4285.0,1210303600.0,276265.0
146436,HEAD,2024-11-20,4360.0,4373.0,4409.0,4340.0,461114317.0,105393.0
146437,HEAD,2024-11-20,4360.0,4331.0,4409.0,4320.0,748865072.0,171571.0
146439,HEAD,2024-11-22,4300.0,4297.0,4330.0,4263.0,356588333.0,83028.0
146440,HEAD,2024-11-22,4300.0,4251.0,4330.0,4225.0,796196504.0,186085.0
146441,HEAD,2024-11-25,4250.0,4227.0,4268.0,4186.0,501521739.0,118566.0
146442,HEAD,2024-11-25,4250.0,4155.0,4268.0,4101.0,1343515492.0,320981.0
146443,HEAD,2024-11-26,4131.0,4160.0,4175.0,4101.0,622450429.0,150258.0
146444,HEAD,2024-11-26,4131.0,4051.0,4175.0,4032.0,1564661699.0,380078.0
146445,HEAD,2024-11-27,4053.0,4075.0,4106.0,3965.0,924914171.0,229648.0
146446,HEAD,2024-11-27,4053.0,4055.0,4110.0,3965.0,1335795356.0,331122.0
146447,HEAD,2024-11-28,4170.0,4107.0,4174.0,4092.0,443525386.0,107412.0
146448,HEAD,2024-11-28,4170.0,4135.0,4174.0,4079.0,706255083.0,171385.0
146449,HEAD,2024-11-29,4141.0,4139.0,4192.0,4080.0,374017277.0,89950.0
146450,HEAD,2024-11-29,4141.0,4159.0,4192.0,4080.0,602531771.0,145014.0
146451,HEAD,2024-12-02,4200.0,4262.0,4300.0,4191.0,878139265.0,205564.0
146452,HEAD,2024-12-02,4200.0,4270.0,4300.0,4191.0,1128767115.0,264344.0
146453,HEAD,2024-12-03,4285.0,4258.0,4311.0,4239.0,383505891.0,89842.0
146454,HEAD,2024-12-03,4285.0,4233.0,4311.0,4200.0,712229997.0,167553.0
146455,HEAD,2024-12-04,4233.0,4244.0,4262.0,4223.0,265104705.0,62412.0
146456,HEAD,2024-12-04,4233.0,4189.0,4262.0,4180.0,607211247.0,143659.0
146457,HEAD,2024-12-05,4190.0,4213.0,4229.0,4170.0,279488943.0,66446.0
146458,HEAD,2024-12-05,4190.0,4247.0,4259.0,4170.0,593173232.0,140794.0
146459,HEAD,2024-12-06,4298.0,4277.0,4317.0,4262.0,510061866.0,118797.0
146460,HEAD,2024-12-06,4298.0,4290.0,4317.0,4262.0,873745880.0,203519.0
146461,HEAD,2024-12-09,4301.0,4310.0,4320.0,4281.0,584208451.0,135667.0
146462,HEAD,2024-12-09,4301.0,4313.0,4320.0,4281.0,964908995.0,224011.0
146463,HEAD,2024-12-10,4325.0,4294.0,4330.0,4287.0,524554048.0,121859.0
146464,HEAD,2024-12-10,4325.0,4297.0,4330.0,4287.0,823691177.0,191478.0
146465,HEAD,2024-12-11,4300.0,4295.0,4313.0,4284.0,454878672.0,105871.0
146466,HEAD,2024-12-11,4300.0,4231.0,4313.0,4212.0,941915935.0,220078.0
146467,HEAD,2024-12-12,4250.0,4210.0,4278.0,4200.0,517794890.0,121972.0
146468,HEAD,2024-12-12,4250.0,4141.0,4278.0,4130.0,1246942070.0,296962.0
146469,HEAD,2024-12-13,4142.0,4065.0,4150.0,4033.0,1001251770.0,245828.0
146470,HEAD,2024-12-13,4142.0,4010.0,4150.0,4000.0,1833032247.0,452192.0
146471,HEAD,2024-12-16,4012.0,3942.0,4062.0,3901.0,1479414021.0,373657.0
146472,HEAD,2024-12-16,4012.0,3982.0,4062.0,3901.0,2974040673.0,752784.0
146473,HEAD,2024-12-17,3584.0,3125.0,3584.0,2983.0,2245398456.0,712962.0
146474,HEAD,2024-12-17,3584.0,3060.0,3584.0,2983.0,3093297245.0,987771.0
146475,HEAD,2024-12-18,3070.0,3135.0,3141.0,3062.0,498159279.0,160424.0
146476,HEAD,2024-12-18,3070.0,3128.0,3177.0,3062.0,902505560.0,289324.0
146477,HEAD,2024-12-19,3141.0,3190.0,3194.0,3138.0,365082605.0,115244.0
146478,HEAD,2024-12-19,3141.0,3310.0,3310.0,3138.0,1562044324.0,485494.0
146479,HEAD,2024-12-20,3299.0,3456.0,3497.0,3205.0,896563624.0,269558.0
146480,HEAD,2024-12-20,3299.0,3480.0,3497.0,3205.0,3046946477.0,896525.0
146481,HEAD,2024-12-23,3563.0,3513.0,3591.0,3491.0,1344201938.0,379364.0
146482,HEAD,2024-12-23,3563.0,3541.0,3591.0,3491.0,1918033758.0,541711.0
247883,LMBZ,2024-10-31,428.2,423.45,428.2,415.15,1930267.2,4547.0
247884,LMBZ,2024-10-31,428.2,424.9,428.2,415.15,2556063.05,6024.0
247887,LMBZ,2024-11-05,426.25,425.15,450.0,422.5,190978.85,446.0
247888,LMBZ,2024-11-05,426.25,425.2,450.0,422.5,230087.45,538.0
247889,LMBZ,2024-11-06,425.2,430.0,432.95,425.15,2205480.7,5137.0
247890,LMBZ,2024-11-06,425.2,424.0,432.95,422.05,2339178.85,5450.0
247891,LMBZ,2024-11-07,424.0,425.05,435.1,416.0,1923325.3500000003,4483.0
247892,LMBZ,2024-11-07,424.0,425.55,435.1,416.0,1968860.6,4590.0
247893,LMBZ,2024-11-08,425.55,426.35,430.0,422.75,358557.3,842.0
247894,LMBZ,2024-11-08,425.55,422.3,430.0,422.0,546530.2,1286.0
247895,LMBZ,2024-11-11,422.15,421.55,425.55,420.0,296865.49999999994,704.0
247896,LMBZ,2024-11-11,422.15,424.35,425.55,420.0,310830.05,737.0
247897,LMBZ,2024-11-12,421.35,424.5,425.8,421.25,29705.55,70.0
247898,LMBZ,2024-11-12,421.35,425.0,425.8,421.25,142671.5,336.0
247899,LMBZ,2024-11-13,425.05,423.6,428.5,421.95,275318.75000000006,651.0
247900,LMBZ,2024-11-13,425.05,425.0,428.5,421.95,783137.95,1846.0
247902,LMBZ,2024-11-15,422.05,423.4,423.4,421.5,35540.6,84.0
247903,LMBZ,2024-11-15,422.05,425.5,425.5,421.5,886731.9,2087.0
247904,LMBZ,2024-11-18,426.0,426.95,430.05,421.3,2322101.45,5436.0
247905,LMBZ,2024-11-18,426.0,426.9,430.05,421.3,2519382.75,5899.0
247906,LMBZ,2024-11-19,423.7,427.95,427.95,423.65,1892814.55,4432.0
247907,LMBZ,2024-11-19,423.7,425.9,427.95,422.3,1917899.25,4491.0
247908,LMBZ,2024-11-20,420.55,427.3,427.3,420.55,2462003.9000000004,5766.0
247909,LMBZ,2024-11-20,420.55,422.05,427.3,420.05,2797001.4,6561.0
247911,LMBZ,2024-11-22,421.25,426.95,429.0,421.25,504916.15,1183.0
247912,LMBZ,2024-11-22,421.25,426.7,430.0,421.25,743448.55,1740.0
247913,LMBZ,2024-11-25,426.7,428.7,430.0,422.15,1580784.7,3693.0
247914,LMBZ,2024-11-25,426.7,428.2,430.1,422.15,2532679.4,5909.0
247915,LMBZ,2024-11-26,430.0,427.8,438.2,424.1,1607426.5000000002,3752.0
247916,LMBZ,2024-11-26,430.0,428.5,438.2,420.0,2034817.8,4764.0
247917,LMBZ,2024-11-27,422.25,426.25,430.0,420.15,1239273.6499999997,2891.0
247918,LMBZ,2024-11-27,422.25,424.55,430.0,420.15,1313812.45,3067.0
247919,LMBZ,2024-11-28,424.6,431.65,431.65,424.6,1738308.8499999996,4053.0
247920,LMBZ,2024-11-28,424.6,427.75,431.65,424.6,2172709.2,5065.0
247921,LMBZ,2024-11-29,425.65,425.65,435.0,425.55,2319403.5000000005,5419.0
247922,LMBZ,2024-11-29,425.65,427.9,435.0,425.55,2331802.85,5448.0
247923,LMBZ,2024-12-02,425.65,429.5,449.95,425.65,79264.54999999997,185.0
247924,LMBZ,2024-12-02,425.65,429.7,449.95,425.65,2209927.75,5146.0
247925,LMBZ,2024-12-03,429.7,427.95,439.95,425.0,1458543.95,3420.0
247926,LMBZ,2024-12-03,429.7,425.95,439.95,425.0,1986355.25,4659.0
247927,LMBZ,2024-12-04,425.95,427.6,432.45,425.95,1126823.5,2622.0
247928,LMBZ,2024-12-04,425.95,426.9,432.45,425.95,2870701.9,6703.0
247929,LMBZ,2024-12-05,425.5,427.6,430.95,425.5,170958.3,398.0
247930,LMBZ,2024-12-05,425.5,429.65,430.95,425.5,244455.45,570.0
247931,LMBZ,2024-12-06,429.6,429.25,429.6,425.6,22220.15,52.0
247932,LMBZ,2024-12-06,429.6,431.85,431.9,419.0,68174.85,160.0
247933,LMBZ,2024-12-09,422.6,423.5,438.0,422.6,820823.6,1903.0
247934,LMBZ,2024-12-09,422.6,428.0,438.0,422.6,1884655.9,4399.0
247935,LMBZ,2024-12-10,424.55,425.9,430.95,422.65,1192227.3499999994,2798.0
247936,LMBZ,2024-12-10,424.55,422.85,430.95,422.65,1239405.45,2909.0
247937,LMBZ,2024-12-11,427.55,423.45,427.55,423.45,11896.6,28.0
247938,LMBZ,2024-12-11,427.55,425.9,427.55,423.45,449565.0,1060.0
247939,LMBZ,2024-12-12,423.45,423.45,427.55,423.4,37768.9,89.0
247940,LMBZ,2024-12-12,423.45,423.45,427.55,423.4,50930.95,120.0
247941,LMBZ,2024-12-13,423.45,423.4,424.7,423.4,6786.349999999999,16.0
247942,LMBZ,2024-12-13,423.45,420.45,424.75,417.3,78024.8,185.0
247943,LMBZ,2024-12-16,423.9,416.05,423.95,416.05,564476.6,1355.0
247944,LMBZ,2024-12-16,423.9,417.5,423.95,416.05,1040283.85,2497.0
247945,LMBZ,2024-12-17,417.75,421.95,422.0,417.75,66487.99999999999,159.0
247946,LMBZ,2024-12-17,417.75,424.5,429.5,417.75,1375561.1,3250.0
247947,LMBZ,2024-12-18,424.5,419.75,424.5,419.75,28730.0,68.0
247948,LMBZ,2024-12-18,424.5,421.8,424.8,415.0,483663.5,1147.0
247949,LMBZ,2024-12-19,421.85,420.65,424.0,420.65,56435.35,134.0
247950,LMBZ,2024-12-19,421.85,424.0,424.0,413.15,145752.0,347.0
247951,LMBZ,2024-12-20,413.7,411.6,423.95,407.1,1187384.35,2881.0
247952,LMBZ,2024-12-20,413.7,410.0,423.95,407.1,4413834.3,10675.0
247953,LMBZ,2024-12-23,418.4,413.85,420.3,410.05,267459.65,648.0
247954,LMBZ,2024-12-23,418.4,410.05,420.3,410.0,352198.35,854.0
432279,OZPH,2024-10-18,33.0,34.29,34.9,32.77,406352043.4000004,11910910.0
432280,OZPH,2024-10-18,33.0,33.6,34.9,32.77,531683012.4,15591410.0
432281,OZPH,2024-10-21,34.0,33.5,34.15,33.1,83632108.60000002,2492000.0
432282,OZPH,2024-10-21,34.0,33.99,34.15,33.1,147079641.4,4386360.0
432283,OZPH,2024-10-22,33.99,33.89,34.0,33.5,41236872.90000001,1224590.0
432284,OZPH,2024-10-22,33.99,33.81,34.0,33.5,88452527.1,2620110.0
432285,OZPH,2024-10-23,33.81,33.18,34.18,32.93,78132959.40000005,2340590.0
432286,OZPH,2024-10-23,33.81,33.17,34.18,32.93,98817471.7,2963280.0
432287,OZPH,2024-10-24,33.17,33.04,33.3,32.95,30575106.4,925650.0
432288,OZPH,2024-10-24,33.17,33.07,33.35,32.95,49634494.9,1501020.0
432289,OZPH,2024-10-25,33.24,32.37,33.33,32.0,51298141.60000002,1572330.0
432290,OZPH,2024-10-25,33.24,31.11,33.33,30.69,160323614.6,5018120.0
432291,OZPH,2024-10-28,30.8,30.64,31.0,30.11,30110147.100000016,978140.0
432292,OZPH,2024-10-28,30.8,29.63,31.0,29.5,66210998.9,2177490.0
432293,OZPH,2024-10-29,29.63,29.52,30.05,28.53,36329351.60000004,1239880.0
432294,OZPH,2024-10-29,29.63,30.22,30.24,28.53,56292520.6,1909330.0
432295,OZPH,2024-10-30,30.4,30.43,31.0,30.03,14293704.5,468320.0
432296,OZPH,2024-10-30,30.4,30.25,31.0,29.64,23490689.8,773870.0
432297,OZPH,2024-10-31,30.2,29.53,30.24,29.41,27397253.8,920950.0
432298,OZPH,2024-10-31,30.2,29.7,30.24,29.41,46450253.3,1564880.0
432301,OZPH,2024-11-05,29.57,29.45,29.59,29.26,8730421.099999998,297140.0
432302,OZPH,2024-11-05,29.57,29.5,29.59,29.26,19512857.4,663620.0
432303,OZPH,2024-11-06,30.0,29.54,30.0,29.4,25866919.70000001,869640.0
432304,OZPH,2024-11-06,30.0,29.38,30.0,28.92,41530363.0,1403830.0
432305,OZPH,2024-11-07,29.38,29.31,30.0,29.05,18715084.100000005,635980.0
432306,OZPH,2024-11-07,29.38,29.23,30.0,28.77,39715829.0,1357320.0
432307,OZPH,2024-11-08,29.6,29.75,30.13,28.52,26261519.900000017,892390.0
432308,OZPH,2024-11-08,29.6,30.33,30.36,28.52,36091357.6,1220360.0
432309,OZPH,2024-11-11,30.96,30.83,31.5,30.51,22320931.60000001,718270.0
432310,OZPH,2024-11-11,30.96,31.08,31.5,30.5,50466268.5,1630060.0
432311,OZPH,2024-11-12,31.36,30.98,31.36,30.8,5619039.600000002,181910.0
432312,OZPH,2024-11-12,31.36,30.48,31.36,30.28,16634425.8,541470.0
432313,OZPH,2024-11-13,30.5,30.62,30.84,30.48,3790583.5000000014,123780.0
432314,OZPH,2024-11-13,30.5,30.27,30.84,30.2,15755690.7,515790.0
432316,OZPH,2024-11-15,29.7,29.93,30.16,29.69,7644721.699999998,255220.0
432317,OZPH,2024-11-15,29.7,29.67,30.16,29.6,11119577.5,371970.0
432318,OZPH,2024-11-18,29.64,29.71,29.99,29.41,5870917.400000001,197200.0
432319,OZPH,2024-11-18,29.64,29.19,29.99,29.18,22181295.5,750510.0
432320,OZPH,2024-11-19,29.19,29.37,29.95,29.1,20117467.2,684730.0
432321,OZPH,2024-11-19,29.19,28.91,29.95,28.8,39657379.3,1353330.0
432322,OZPH,2024-11-20,29.09,29.39,30.97,28.95,59794744.70000001,2001160.0
432323,OZPH,2024-11-20,29.09,28.4,30.97,28.32,89803474.1,3036930.0
432325,OZPH,2024-11-22,28.14,28.44,28.8,28.0,17273957.000000004,606720.0
432326,OZPH,2024-11-22,28.14,28.28,28.8,28.0,23726223.6,834710.0
432327,OZPH,2024-11-25,28.32,27.73,28.59,27.3,31711901.700000003,1141200.0
432328,OZPH,2024-11-25,28.32,27.64,28.59,27.3,44657630.5,1610290.0
432329,OZPH,2024-11-26,27.07,27.25,27.49,26.31,31038475.500000007,1152660.0
432330,OZPH,2024-11-26,27.07,26.29,27.49,26.01,60745454.6,2275780.0
432331,OZPH,2024-11-27,26.35,27.05,27.3,25.55,24345887.7,917630.0
432332,OZPH,2024-11-27,26.35,26.21,27.3,25.55,49711267.6,1876160.0
432333,OZPH,2024-11-28,26.49,26.55,27.13,26.49,16144917.000000006,605850.0
432334,OZPH,2024-11-28,26.49,26.69,27.13,26.42,30464760.6,1144990.0
432335,OZPH,2024-11-29,26.75,27.2,27.86,26.5,16561618.000000004,607990.0
432336,OZPH,2024-11-29,26.75,27.4,27.86,26.5,23740691.5,871220.0
432337,OZPH,2024-12-02,27.4,28.29,28.49,27.4,12117667.899999993,430710.0
432338,OZPH,2024-12-02,27.4,28.43,28.88,27.4,36204970.3,1281240.0
432339,OZPH,2024-12-03,28.43,28.48,28.75,27.84,21609239.299999986,764270.0
432340,OZPH,2024-12-03,28.43,28.23,28.75,27.68,37762424.8,1339770.0
432341,OZPH,2024-12-04,28.43,28.59,28.69,28.43,8486670.499999998,296920.0
432342,OZPH,2024-12-04,28.43,28.9,30.0,28.43,44541286.3,1530960.0
432343,OZPH,2024-12-05,28.9,30.96,32.63,28.9,97133409.89999998,3145560.0
432344,OZPH,2024-12-05,28.9,31.29,32.63,28.9,171915144.2,5525560.0
432345,OZPH,2024-12-06,31.4,32.03,33.9,31.4,193580588.30000007,5850610.0
432346,OZPH,2024-12-06,31.4,32.1,33.9,30.7,283350054.4,8658770.0
432347,OZPH,2024-12-09,31.9,32.08,32.34,30.99,24262311.79999998,762590.0
432348,OZPH,2024-12-09,31.9,32.11,32.8,30.99,59386260.1,1855680.0
432349,OZPH,2024-12-10,32.11,31.0,32.4,30.81,18364386.0,583300.0
432350,OZPH,2024-12-10,32.11,30.48,32.4,29.72,59301450.8,1937430.0
432351,OZPH,2024-12-11,30.48,31.84,32.1,30.48,29323722.69999999,936080.0
432352,OZPH,2024-12-11,30.48,31.04,32.1,30.48,45748368.4,1456540.0
432353,OZPH,2024-12-12,31.11,31.63,33.99,31.11,82196837.99999996,2510190.0
432354,OZPH,2024-12-12,31.11,31.2,33.99,31.08,111442630.5,3432570.0
432355,OZPH,2024-12-13,31.5,31.3,31.69,30.66,17140254.900000002,549400.0
432356,OZPH,2024-12-13,31.5,31.0,31.69,30.48,28735826.6,923880.0
432357,OZPH,2024-12-16,31.2,30.92,32.96,30.81,47460678.49999999,1498610.0
432358,OZPH,2024-12-16,31.2,29.99,32.96,29.89,71906177.7,2302880.0
432359,OZPH,2024-12-17,29.85,30.2,31.09,29.72,25660101.2,850850.0
432360,OZPH,2024-12-17,29.85,30.0,31.09,29.63,35046717.7,1164200.0
432361,OZPH,2024-12-18,30.3,30.06,31.39,29.76,23885044.799999986,789240.0
432362,OZPH,2024-12-18,30.3,30.35,31.39,29.76,41675065.9,1377990.0
432363,OZPH,2024-12-19,30.73,31.06,31.4,30.14,24930677.5,810090.0
432364,OZPH,2024-12-19,30.73,31.2,31.69,30.14,48480948.7,1562800.0
432365,OZPH,2024-12-20,31.2,33.0,33.0,31.2,25004626.6,782790.0
432366,OZPH,2024-12-20,31.2,32.9,33.1,31.17,88358519.7,2726850.0
432367,OZPH,2024-12-23,33.61,33.15,33.97,31.85,73409200.29999998,2211570.0
432368,OZPH,2024-12-23,33.61,33.12,33.97,31.85,91118453.3,2744980.0
584681,T,2024-11-29,2362.0,2391.8,2402.0,2351.2,9224736028.2,3867501.0
584682,T,2024-11-29,2362.0,2387.8,2424.0,2351.2,18591390509.4,7774611.0
584683,T,2024-12-02,2404.0,2397.2,2430.6,2390.2,8245354753.999997,3424370.0
584684,T,2024-12-02,2404.0,2392.2,2430.6,2388.4,14937026672.0,6214953.0
584685,T,2024-12-03,2397.8,2371.0,2402.6,2359.2,6377789737.799999,2683127.0
584686,T,2024-12-03,2397.8,2352.0,2402.6,2340.0,14655955327.6,6196687.0
584687,T,2024-12-04,2354.0,2370.2,2386.0,2343.0,7511263050.600001,3172463.0
584688,T,2024-12-04,2354.0,2288.6,2386.0,2272.0,19466965200.0,8309368.0
584689,T,2024-12-05,2295.0,2309.4,2327.8,2292.0,8208911799.599998,3553305.0
584690,T,2024-12-05,2295.0,2371.0,2374.6,2283.0,22623542126.8,9736023.0
584691,T,2024-12-06,2376.0,2342.6,2378.8,2336.0,8411875667.399999,3563342.0
584692,T,2024-12-06,2376.0,2350.0,2390.0,2336.0,19800420078.8,8375821.0
584693,T,2024-12-09,2382.8,2373.8,2383.0,2365.0,5700770489.599996,2402070.0
584694,T,2024-12-09,2382.8,2395.0,2410.0,2365.0,15012071993.4,6292380.0
584695,T,2024-12-10,2397.4,2354.2,2398.0,2348.8,7317471757.399994,3084591.0
584696,T,2024-12-10,2397.4,2345.2,2398.0,2342.0,15573120671.0,6593828.0
584697,T,2024-12-11,2346.0,2337.2,2348.4,2328.4,5200482102.200002,2223954.0
584698,T,2024-12-11,2346.0,2346.4,2351.2,2328.4,12192565896.8,5209213.0
584699,T,2024-12-12,2351.0,2343.2,2358.6,2340.2,5170904546.399999,2200068.0
584700,T,2024-12-12,2351.0,2305.4,2358.6,2302.2,11496911970.6,4913532.0
584701,T,2024-12-13,2305.2,2302.4,2312.8,2285.8,5574153904.999997,2423889.0
584702,T,2024-12-13,2305.2,2289.0,2312.8,2285.8,9826702135.6,4275645.0
584703,T,2024-12-16,2284.6,2254.2,2287.2,2251.6,5687232561.4000025,2509551.0
584704,T,2024-12-16,2284.6,2182.0,2287.2,2180.2,18389508970.2,8219587.0
584705,T,2024-12-17,2194.6,2205.2,2221.6,2194.0,7283175902.199996,3294694.0
584706,T,2024-12-17,2194.6,2221.4,2221.6,2192.0,14929723726.8,6763471.0
584707,T,2024-12-18,2223.2,2212.6,2230.8,2210.6,5228595682.000005,2353761.0
584708,T,2024-12-18,2223.2,2260.2,2268.0,2207.0,16729124418.4,7497003.0
584709,T,2024-12-19,2260.0,2287.0,2293.4,2244.4,10580973280.199997,4658565.0
584710,T,2024-12-19,2260.0,2272.0,2299.8,2244.4,22657561453.0,9957933.0
584711,T,2024-12-20,2272.0,2458.6,2600.0,2263.4,8646819855.399998,3671581.0
584712,T,2024-12-20,2272.0,2543.0,2600.0,2263.4,41703474309.8,16773829.0
584713,T,2024-12-23,2601.6,2607.2,2640.0,2572.2,16389655286.599983,6271487.0
584714,T,2024-12-23,2601.6,2624.4,2640.0,2572.2,32578025912.6,12442170.0
