ticker,isin,issuer_name,security_type,supertype,currency,listing_level,first_trade_date,last_trade_date,daily_observations,metadata_match
ABIO,RU000A0JNAB6,"Публичное акционерное общество ""Артген биотех""",Акция обыкновенная,Акции,Рубль,,2009-12-11,2024-08-05,3647,1
ABRD,RU000A0JS5T7,"Публичное акционерное общество ""Абрау – Дюрсо""",Акция обыкновенная,Акции,Рубль,,2012-04-11,2024-08-05,2747,1
ACKO,,,,,,,2017-07-11,2021-12-02,1106,0
AFKS,RU000A0DQZE3,"Публичное акционерное общество ""Акционерная финансовая корпорация ""Система""",Акция обыкновенная,Акции,Рубль,,2007-12-12,2024-08-05,4158,1
AFLT,RU0009062285,"Публичное акционерное общество ""Аэрофлот – российские авиалинии""",Акция обыкновенная,Акции,Рубль,,2004-02-13,2024-08-05,5116,1
AGRO,US7496552057,ROS AGRO PLC (эмитент депозитарных расписок - RCS Trust and Corporate Services Ltd.),Депозитарные расписки иностранного эмитента на акции,Депозитарные расписки,,,2014-12-01,2024-08-05,2390,1
AKRN,RU0009028674,"Публичное акционерное общество ""Акрон""",Акция обыкновенная,Акции,Рубль,,2006-10-20,2024-08-05,4445,1
ALRS,RU0007252813,"Акционерная компания ""АЛРОСА"" (публичное акционерное общество)",Акция обыкновенная,Акции,Рубль,,2011-11-29,2024-08-05,3182,1
AMEZ,RU000A0B88G6,"Публичное акционерное общество ""Ашинский металлургический завод""",Акция обыкновенная,Акции,Рубль,,2008-08-28,2024-08-05,3863,1
APRI,RU000A108LJ5,"Публичное акционерное общество ""АПРИ""",Акция обыкновенная,Акции,Рубль,,2024-07-30,2024-08-05,5,1
APTK,RU0008081765,"Публичное акционерное общество ""Аптечная сеть 36,6""",Акция обыкновенная,Акции,Рубль,,2003-02-06,2024-08-05,4601,1
AQUA,RU000A0JQTS3,"Публичное  акционерное общество ""ИНАРКТИКА""",Акция обыкновенная,Акции,Рубль,,2015-06-10,2024-08-05,2189,1
ARSA,RU000A0JP0Q7,"публичное акционерное общество ""Управляющая компания ""Арсагера""",Акция обыкновенная,Акции,Рубль,,2008-04-07,2024-08-05,3867,1
ASSB,RU000A0D8MM8,"Публичное акционерное общество ""Астраханская энергосбытовая компания""",Акция обыкновенная,Акции,Рубль,,2005-09-30,2024-08-05,3735,1
ASTR,RU000A106T36,Публичное акционерное общество Группа Астра,Акция обыкновенная,Акции,Рубль,,2023-10-13,2024-08-05,206,1
AVAN,RU000A0DM7B3,"Акционерный Коммерческий банк ""АВАНГАРД"" - публичное акционерное общество",Акция обыкновенная,Акции,Рубль,,2012-09-10,2024-08-05,1623,1
BANE,RU0007976957,"Публичное акционерное общество ""Акционерная нефтяная Компания ""Башнефть""",Акция обыкновенная,Акции,Рубль,,2011-11-18,2024-08-05,3178,1
BANEP,RU0007976965,"Публичное акционерное общество ""Акционерная нефтяная Компания ""Башнефть""",Акция привилегированная,Акции,Рубль,,2011-11-18,2024-08-05,3178,1
BELU,RU000A0HL5M1,"Публичное акционерное общество ""НоваБев Групп""",Акция обыкновенная,Акции,Рубль,,2017-08-01,2024-08-05,1713,1
BISVP,RU0009100176,"Публичное акционерное общество ""Башинформсвязь""",Акция привилегированная,Акции,Рубль,,2010-04-23,2024-08-05,2873,1
BLNG,RU000A0J2QG8,"Открытое акционерное общество ""Белон""",Акция обыкновенная,Акции,Рубль,,2009-01-16,2024-08-05,3892,1
BRZL,RU0009288658,"Публичное акционерное общество ""Бурятзолото""",Акция обыкновенная,Акции,Рубль,,2011-12-13,2024-08-05,2808,1
BSPB,RU0009100945,"ПУБЛИЧНОЕ АКЦИОНЕРНОЕ ОБЩЕСТВО ""БАНК ""САНКТ-ПЕТЕРБУРГ""",Акция обыкновенная,Акции,Рубль,,2008-03-19,2024-08-05,4094,1
BSPBP,RU000A0JP0U9,"ПУБЛИЧНОЕ АКЦИОНЕРНОЕ ОБЩЕСТВО ""БАНК ""САНКТ-ПЕТЕРБУРГ""",Акция привилегированная,Акции,Рубль,,2021-04-19,2024-08-05,815,1
CARM,RU000A105NV2,"Публичное акционерное общество ""СмартТехГрупп""",Акция обыкновенная,Акции,Рубль,,2023-07-03,2024-08-05,280,1
CBOM,RU000A0JUG31,"""МОСКОВСКИЙ КРЕДИТНЫЙ БАНК"" (публичное акционерное общество)",Акция обыкновенная,Акции,Рубль,,2015-07-01,2024-08-05,2283,1
CHGZ,RU0009082291,"Публичное акционерное общество ""РН-Западная Сибирь""",Акция обыкновенная,Акции,Рубль,,2011-12-22,2024-08-05,1831,1
CHKZ,RU000A0JNST0,"Публичное акционерное общество ""Челябинский кузнечно-прессовый завод""",Акция обыкновенная,Акции,Рубль,,2010-07-28,2024-08-05,2280,1
CHMF,RU0009046510,"Публичное акционерное общество ""Северсталь""",Акция обыкновенная,Акции,Рубль,,2005-06-22,2024-08-05,4781,1
CHMK,RU0007665170,"Публичное акционерное общество ""Челябинский металлургический комбинат""",Акция обыкновенная,Акции,Рубль,,2008-12-31,2024-08-05,3777,1
CIAN,,,,,,,2021-11-05,2024-08-05,674,0
CNTL,RU0007665147,"Публичное акционерное общество ""Центральный телеграф""",Акция обыкновенная,Акции,Рубль,,2009-09-04,2024-08-05,3461,1
CNTLP,RU0007665139,"Публичное акционерное общество ""Центральный телеграф""",Акция привилегированная,Акции,Рубль,,2011-10-26,2024-08-05,3023,1
DATA,RU000A108ZR8,"Публичное акционерное общество ""Группа Аренадата""",Акция обыкновенная,Акции,Рубль,,2024-10-01,2024-12-24,61,1
DELI,RU000A107J11,"Публичное акционерное общество ""Каршеринг Руссия""",Акция обыкновенная,Акции,Рубль,,2024-02-07,2024-08-05,125,1
DIAS,RU000A107ER5,"Публичное акционерное общество ""Диасофт""",Акция обыкновенная,Акции,Рубль,,2024-02-13,2024-08-05,121,1
DIOD,RU000A0JQWC1,"Публичное акционерное общество Завод экологической техники и экопитания ""ДИОД""",Акция обыкновенная,Акции,Рубль,,2010-06-24,2024-08-05,3495,1
DSKY,,,,,,,2017-02-10,2024-08-05,1873,0
DVEC,RU000A0JP2W1,"Публичное акционерное общество ""Дальневосточная энергетическая компания""",Акция обыкновенная,Акции,Рубль,,2007-12-13,2024-08-05,4102,1
DZRD,RU000A0JQW11,"Открытое акционерное общество ""Донской завод радиодеталей""",Акция обыкновенная,Акции,Рубль,,2011-01-11,2024-08-05,2667,1
DZRDP,RU000A0JQW29,"Открытое акционерное общество ""Донской завод радиодеталей""",Акция привилегированная,Акции,Рубль,,2011-01-11,2024-08-05,3027,1
EELT,RU000A0JWW54,"Публичное акционерное общество ""Европейская Электротехника""",Акция обыкновенная,Акции,Рубль,,2017-09-07,2024-08-05,1728,1
ELFV,RU000A0F5UN3,"Публичное акционерное общество ""ЭЛ5-Энерго""",Акция обыкновенная,Акции,Рубль,,2023-03-29,2024-08-05,345,1
ELMT,RU000A102093,"Публичное акционерное общество ""Элемент""",Акция обыкновенная,Акции,Рубль,,2024-06-06,2024-08-05,42,1
ENPG,RU000A100K72,"Международная компания публичное акционерное общество ""ЭН+ ГРУП""",Акция обыкновенная,Акции,Доллар США,,2020-02-20,2024-08-05,1110,1
ETLN,US29760G1031,ETALON GROUP PLC (эмитент депозитарных расписок - RCS Trust and Corporate Services Ltd.),Депозитарные расписки иностранного эмитента на акции,Депозитарные расписки,,,2020-02-03,2024-08-05,1119,1
EUTR,RU000A1002V2,"Публичное акционерное общество ""ЕвроТранс""",Акция обыкновенная,Акции,Рубль,,2023-11-21,2024-08-05,179,1
FEES,RU000A0JPNN9,"Публичное акционерное общество ""Федеральная сетевая компания - Россети""",Акция обыкновенная,Акции,Рубль,,2008-07-16,2024-08-05,4005,1
FESH,RU0008992318,"Публичное акционерное общество ""Дальневосточное морское пароходство""",Акция обыкновенная,Акции,Рубль,,2008-08-28,2024-08-05,3898,1
FIVE,,,,,,,2018-02-01,2024-04-03,1540,0
FIXP,US33835G2057,FIX PRICE GROUP PLC (эмитент депозитарных расписок - RCS Trust and Corporate Services Ltd.),Депозитарные расписки иностранного эмитента на акции,Депозитарные расписки,,,2021-03-10,2024-08-05,845,1
FLOT,RU000A0JXNU8,"Публичное акционерное общество ""Современный коммерческий флот""",Акция обыкновенная,Акции,Рубль,,2020-10-07,2024-08-05,951,1
GAZA,RU0009034268,"Публичное акционерное общество ""ГАЗ""",Акция обыкновенная,Акции,Рубль,,2011-12-21,2024-08-05,2929,1
GAZAP,RU000A0ZYHF5,"Публичное акционерное общество ""ГАЗ""",Акция привилегированная,Акции,Рубль,,2011-12-28,2024-08-05,2378,1
GAZC,RU000A0JQG86,"Публичное акционерное общество ""ГАЗКОН""",Акция обыкновенная,Акции,Рубль,,2011-11-09,2023-11-30,21,1
GAZP,RU0007661625,"Публичное акционерное общество ""Газпром""",Акция обыкновенная,Акции,Рубль,,2006-01-23,2024-08-05,4637,1
GAZS,RU000A0JQG78,"Публичное акционерное общество ""ГАЗ-сервис""",Акция обыкновенная,Акции,Рубль,,2011-11-08,2023-11-30,21,1
GAZT,RU000A0JS199,"Публичное акционерное общество ""ГАЗ-Тек""",Акция обыкновенная,Акции,Рубль,,2012-03-30,2023-11-30,16,1
GCHE,RU000A0JL4R1,"Публичное акционерное общество ""Группа Черкизово""",Акция обыкновенная,Акции,Рубль,,2008-05-19,2024-08-05,3996,1
GECO,RU000A105BN4,"Публичное акционерное общество ""Центр Генетики и Репродуктивной Медицины ""ГЕНЕТИКО""",Акция обыкновенная,Акции,Рубль,,2023-04-26,2024-08-05,325,1
GEMA,RU000A100GC7,"Публичное акционерное общество  ""Международный Медицинский Центр Обработки и Криохранения Биоматериалов""",Акция обыкновенная,Акции,Рубль,,2019-07-26,2024-08-05,1244,1
GEMC,RU000A107JE2,Международная Компания Публичное Акционерное Общество Юнайтед Медикал Груп,Акция обыкновенная,Акции,Рубль,,2021-07-15,2024-08-05,728,1
GLTR,,,,,,,2020-10-28,2024-08-05,935,0
GMKN,RU0007288411,"Публичное акционерное общество ""Горно-металлургическая компания ""Норильский никель""",Акция обыкновенная,Акции,Рубль,,2006-12-26,2024-08-05,4398,1
GTRK,RU000A0ZYD22,"Публичное акционерное общество ""ГЛОБАЛТРАК МЕНЕДЖМЕНТ""",Акция обыкновенная,Акции,Рубль,,2017-11-03,2024-08-05,1625,1
HEAD,RU000A107662,"Международная компания публичное акционерное общество ""Хэдхантер""",Акция обыкновенная,Акции,Рубль,,2024-09-26,2024-12-24,64,1
HHRU,,,,,,,2020-09-25,2024-08-05,958,0
HIMCP,RU0009099006,"Публичное акционерное общество ""Химпром""",Акция привилегированная,Акции,Рубль,,2011-12-20,2024-08-05,2483,1
HNFG,RU000A106XF2,ПУБЛИЧНОЕ АКЦИОНЕРНОЕ ОБЩЕСТВО ХЭНДЕРСОН ФЭШН ГРУПП,Акция обыкновенная,Акции,Рубль,,2023-11-02,2024-08-05,192,1
HYDR,RU000A0JPKH7,"Публичное акционерное общество ""Федеральная гидрогенерирующая компания - РусГидро""",Акция обыкновенная,Акции,Рубль,,2008-05-22,2024-08-05,4053,1
IGST,RU0002155292,"Публичное акционерное общество ""Ижсталь""",Акция обыкновенная,Акции,Рубль,,2012-01-04,2024-08-05,2348,1
IGSTP,RU0002155300,"Публичное акционерное общество ""Ижсталь""",Акция привилегированная,Акции,Рубль,,2011-12-23,2024-08-05,2071,1
INGR,RU000A0DJ9B4,"Публичное акционерное общество ""ИНГРАД""",Акция обыкновенная,Акции,Рубль,,2020-03-30,2024-08-05,1083,1
IRAO,RU000A0JPNM1,"Публичное акционерное общество ""Интер РАО ЕЭС""",Акция обыкновенная,Акции,Рубль,,2009-12-01,2024-08-05,3659,1
IRKT,RU0006752979,"Публичное акционерное общество ""Яковлев""",Акция обыкновенная,Акции,Рубль,,2004-03-09,2024-08-05,5097,1
IVAT,RU000A108GD8,"Публичное акционерное общество ""ИВА""",Акция обыкновенная,Акции,Рубль,,2024-06-04,2024-08-05,44,1
JNOS,RU0009100895,"Публичное акционерное общество ""Славнефть-Ярославнефтеоргсинтез""",Акция обыкновенная,Акции,Рубль,,2009-02-26,2024-08-05,2980,1
JNOSP,RU0009101927,"Публичное акционерное общество ""Славнефть-Ярославнефтеоргсинтез""",Акция привилегированная,Акции,Рубль,,2010-07-22,2024-08-05,3023,1
KAZT,RU000A0B9BV2,"Публичное акционерное общество ""КуйбышевАзот""",Акция обыкновенная,Акции,Рубль,,2011-12-14,2024-08-05,2447,1
KAZTP,RU000A0B9BW0,"Публичное акционерное общество ""КуйбышевАзот""",Акция привилегированная,Акции,Рубль,,2011-12-14,2024-08-05,2147,1
KBSB,RU000A0JNJ11,"Публичное акционерное общество ""ТНС энерго Кубань""",Акция обыкновенная,Акции,Рубль,,2008-04-03,2024-08-05,3314,1
KCHE,RU0006753498,"Публичное акционерное общество энергетики и электрификации ""Камчатскэнерго""",Акция обыкновенная,Акции,Рубль,,2008-03-27,2024-08-05,3208,1
KCHEP,RU0006753480,"Публичное акционерное общество энергетики и электрификации ""Камчатскэнерго""",Акция привилегированная,Акции,Рубль,,2008-09-23,2024-08-05,2377,1
KGKC,RU000A0JP120,"Публичное акционерное общество ""Курганская генерирующая компания""",Акция обыкновенная,Акции,Рубль,,2012-09-27,2024-08-05,1383,1
KGKCP,RU000A0JP138,"Публичное акционерное общество ""Курганская генерирующая компания""",Акция привилегированная,Акции,Рубль,,2012-10-29,2024-08-05,1411,1
KLSB,RU000A0DKZK3,"Публичное акционерное общество ""Калужская сбытовая компания""",Акция обыкновенная,Акции,Рубль,,2005-09-16,2024-08-05,2919,1
KLVZ,RU000A107KX0,"Публичное акционерное общество ""АЛКОГОЛЬНАЯ ГРУППА КРИСТАЛЛ""",Акция обыкновенная,Акции,Рубль,,2024-02-22,2024-08-05,114,1
KMAZ,RU0008959580,"Публичное акционерное общество ""КАМАЗ""",Акция обыкновенная,Акции,Рубль,,2005-02-09,2024-08-05,4858,1
KMEZ,RU0006753613,"публичное акционерное общество ""Ковровский механический завод""",Акция обыкновенная,Акции,Рубль,,2009-11-13,2024-08-05,3230,1
KOGK,RU0002155359,"Публичное акционерное общество ""Коршуновский горно-обогатительный комбинат""",Акция обыкновенная,Акции,Рубль,,2009-02-06,2024-08-05,2884,1
KRKN,RU0009100408,"Публичное акционерное общество ""Саратовский нефтеперерабатывающий завод""",Акция обыкновенная,Акции,Рубль,,2012-01-18,2024-08-05,1994,1
KRKNP,RU0009100416,"Публичное акционерное общество ""Саратовский нефтеперерабатывающий завод""",Акция привилегированная,Акции,Рубль,,2011-12-12,2024-08-05,2645,1
KRKOP,RU0009098131,"Публичное акционерное общество ""Таганрогский котлостроительный завод ""Красный котельщик""",Акция привилегированная,Акции,Рубль,,2011-12-21,2024-08-05,2400,1
KROT,RU0008913850,"Публичное акционерное общество ""Московская кондитерская фабрика ""Красный Октябрь""",Акция обыкновенная,Акции,Рубль,,2006-01-31,2024-08-05,4135,1
KROTP,RU0008913868,"Публичное акционерное общество ""Московская кондитерская фабрика ""Красный Октябрь""",Акция привилегированная,Акции,Рубль,,2006-03-02,2024-08-05,3653,1
KRSB,RU000A0HMLY1,"Публичное акционерное общество ""Красноярскэнергосбыт""",Акция обыкновенная,Акции,Рубль,,2008-10-24,2024-08-05,3010,1
KRSBP,RU000A0HMLZ8,"Публичное акционерное общество ""Красноярскэнергосбыт""",Акция привилегированная,Акции,Рубль,,2008-10-28,2024-08-05,3304,1
KUBE,,,,,,,2005-02-18,2024-08-05,4381,0
KUZB,RU000A0JSQ66,"Публичное акционерное общество Банк ""Кузнецкий""",Акция обыкновенная,Акции,Рубль,,2012-09-05,2024-08-05,2488,1
KZOS,RU0009089825,"Казанское публичное акционерное общество ""Органический синтез""",Акция обыкновенная,Акции,Рубль,,2011-12-05,2024-08-05,2960,1
KZOSP,RU0006753456,"Казанское публичное акционерное общество ""Органический синтез""",Акция привилегированная,Акции,Рубль,,2012-01-09,2024-08-05,2890,1
LEAS,RU000A0ZZFS9,"Публичное акционерное общество ""Лизинговая компания ""Европлан""",Акция обыкновенная,Акции,Рубль,,2024-03-29,2024-08-05,90,1
LENT,RU000A102S15,"Международная компания публичное акционерное общество ""Лента""",Акция обыкновенная,Акции,Рубль,,2021-12-14,2024-08-05,649,1
LIFE,RU000A0JR514,"Публичное акционерное общество ""Фармсинтез""",Акция обыкновенная,Акции,Рубль,,2010-11-25,2024-08-05,3279,1
LKOH,RU0009024277,"Публичное акционерное общество ""Нефтяная компания ""ЛУКОЙЛ""",Акция обыкновенная,Акции,Рубль,,2003-08-20,2024-08-05,5237,1
LMBZ,RU000A108ZX6,"Публичное акционерное общество ""Ламбумиз""",Акция обыкновенная,Акции,Рубль,,2024-10-30,2024-12-24,40,1
LNZL,RU000A0JP1N2,"Ленское золотодобывающее публичное акционерное общество ""Лензолото""",Акция обыкновенная,Акции,Рубль,,2009-01-14,2024-08-05,3855,1
LNZLP,RU000A0JP1P7,"Ленское золотодобывающее публичное акционерное общество ""Лензолото""",Акция привилегированная,Акции,Рубль,,2009-06-19,2024-08-05,3759,1
LPSB,RU000A0D8MR7,"Публичное акционерное общество ""Липецкая энергосбытовая компания""",Акция обыкновенная,Акции,Рубль,,2006-03-20,2024-08-05,2221,1
LSNG,RU0009034490,"Публичное акционерное общество ""Россети Ленэнерго""",Акция обыкновенная,Акции,Рубль,,2005-06-15,2024-08-05,4330,1
LSNGP,RU0009092134,"Публичное акционерное общество ""Россети Ленэнерго""",Акция привилегированная,Акции,Рубль,,2005-08-03,2024-08-05,4280,1
LSRG,RU000A0JPFP0,"Публичное акционерное общество ""Группа ЛСР""",Акция обыкновенная,Акции,Рубль,,2007-11-30,2024-08-05,4043,1
LVHK,RU000A0JT7Y2,"Публичное акционерное общество ""Левенгук""",Акция обыкновенная,Акции,Рубль,,2012-12-06,2024-08-05,2637,1
MAGE,RU0006758919,"Публичное акционерное общество энергетики и электрификации ""Магаданэнерго""",Акция обыкновенная,Акции,Рубль,,2010-11-12,2024-08-05,2890,1
MAGEP,RU0006758893,"Публичное акционерное общество энергетики и электрификации ""Магаданэнерго""",Акция привилегированная,Акции,Рубль,,2010-11-12,2024-08-05,2825,1
MAGN,RU0009084396,"Публичное акционерное общество ""Магнитогорский металлургический комбинат""",Акция обыкновенная,Акции,Рубль,,2006-01-18,2024-08-05,4639,1
MBNK,RU000A0JRH43,"Публичное акционерное общество ""МТС-Банк""",Акция обыкновенная,Акции,Рубль,,2024-04-26,2024-08-05,70,1
MDMG,RU000A108KL3,"Международная Компания Публичное Акционерное Общество ""МД Медикал Груп Инвестментс""",Акция обыкновенная,Акции,Рубль,,2020-11-09,2024-08-05,911,1
MFGS,RU0009011126,"Публичное акционерное общество ""Славнефть - Мегионнефтегаз""",Акция обыкновенная,Акции,Рубль,,1997-05-30,2024-08-05,5538,1
MFGSP,RU0009011134,"Публичное акционерное общество ""Славнефть - Мегионнефтегаз""",Акция привилегированная,Акции,Рубль,,2000-02-01,2024-08-05,5242,1
MGKL,RU000A0JVJQ8,"Публичное акционерное общество ""МГКЛ""",Акция обыкновенная,Акции,Рубль,,2023-12-28,2024-08-05,152,1
MGNT,RU000A0JKQU8,"Публичное акционерное общество ""Магнит""",Акция обыкновенная,Акции,Рубль,,2006-05-16,2024-08-05,4494,1
MGNZ,RU0009100911,"Открытое акционерное общество ""Соликамский магниевый завод""",Акция обыкновенная,Акции,Рубль,,2011-02-17,2022-11-07,2523,1
MGTS,RU0009036461,"Публичное акционерное общество ""Московская городская телефонная сеть""",Акция обыкновенная,Акции,Рубль,,2003-01-15,2024-08-05,4277,1
MGTSP,RU0009036479,"Публичное акционерное общество ""Московская городская телефонная сеть""",Акция привилегированная,Акции,Рубль,,2003-01-24,2024-08-05,4923,1
MISB,RU000A0D8K33,"Публичное акционерное общество ""ТНС энерго Марий Эл""",Акция обыкновенная,Акции,Рубль,,2007-02-07,2024-08-05,2004,1
MISBP,RU000A0D8K41,"Публичное акционерное общество ""ТНС энерго Марий Эл""",Акция привилегированная,Акции,Рубль,,2006-09-14,2024-08-05,2024,1
MOEX,RU000A0JR4A1,"Публичное акционерное общество ""Московская Биржа ММВБ-РТС""",Акция обыкновенная,Акции,Рубль,,2013-02-15,2024-08-05,2875,1
MRKC,RU000A0JPPL8,"Публичное акционерное общество ""Россети Центр""",Акция обыкновенная,Акции,Рубль,,2008-08-18,2024-08-05,3993,1
MRKK,RU000A0JPPQ7,"Публичное акционерное общество ""Россети Северный Кавказ""",Акция обыкновенная,Акции,Рубль,,2008-09-04,2024-08-05,3979,1
MRKP,RU000A0JPN96,"Публичное акционерное общество ""Россети Центр и Приволжье""",Акция обыкновенная,Акции,Рубль,,2008-08-05,2024-08-05,3997,1
MRKS,RU000A0JPPF0,"Публичное акционерное общество ""Россети Сибирь""",Акция обыкновенная,Акции,Рубль,,2008-08-22,2024-08-05,3872,1
MRKU,RU000A0JPPT1,"Публичное акционерное общество ""Россети Урал""",Акция обыкновенная,Акции,Рубль,,2008-09-11,2024-08-05,3952,1
MRKV,RU000A0JPPN4,"Публичное акционерное общество ""Россети Волга""",Акция обыкновенная,Акции,Рубль,,2008-09-09,2024-08-05,3975,1
MRKY,RU000A0JPPG8,"Публичное акционерное общество ""Россети Юг""",Акция обыкновенная,Акции,Рубль,,2008-08-22,2024-08-05,3972,1
MRKZ,RU000A0JPPB9,"Публичное акционерное общество ""Россети Северо-Запад""",Акция обыкновенная,Акции,Рубль,,2008-09-04,2024-08-05,3974,1
MRSB,RU000A0D9AJ7,"Публичное акционерное общество ""Мордовская энергосбытовая компания""",Акция обыкновенная,Акции,Рубль,,2005-12-26,2024-08-05,3870,1
MSNG,RU0008958863,"Публичное акционерное общество энергетики и электрификации ""Мосэнерго""",Акция обыкновенная,Акции,Рубль,,2003-09-11,2024-08-05,5211,1
MSRS,RU000A0ET7Y7,"Публичное акционерное общество ""Россети Московский регион""",Акция обыкновенная,Акции,Рубль,,2006-02-10,2024-08-05,4616,1
MSTT,RU0009177331,"Публичное акционерное общество ""МОСТОТРЕСТ""",Акция обыкновенная,Акции,Рубль,,2010-11-03,2024-08-05,3428,1
MTLR,RU000A0DKXV5,"Публичное акционерное общество ""Мечел""",Акция обыкновенная,Акции,Рубль,,2008-12-26,2024-08-05,3905,1
MTLRP,RU000A0JPV70,"Публичное акционерное общество ""Мечел""",Акция привилегированная,Акции,Рубль,,2011-04-21,2024-08-05,3334,1
MTSS,RU0007775219,"Публичное акционерное общество ""Мобильные ТелеСистемы""",Акция обыкновенная,Акции,Рубль,,2004-02-11,2024-08-05,5109,1
MVID,RU000A0JPGA0,"Публичное акционерное общество ""М.видео""",Акция обыкновенная,Акции,Рубль,,2007-11-06,2024-08-05,4177,1
NAUK,RU000A0JRPX9,"Публичное акционерное общество Научно-производственное объединение ""Наука""",Акция обыкновенная,Акции,Рубль,,2013-03-18,2024-08-05,2296,1
NFAZ,RU0009115604,"Публичное акционерное общество ""НЕФАЗ""",Акция обыкновенная,Акции,Рубль,,2011-09-21,2024-08-05,2424,1
NKHP,RU000A0BLWD7,"Публичное акционерное общество ""Новороссийский комбинат хлебопродуктов""",Акция обыкновенная,Акции,Рубль,,2015-12-15,2024-08-05,2153,1
NKNC,RU0009100507,"Публичное Акционерное Общество ""Нижнекамскнефтехим""",Акция обыкновенная,Акции,Рубль,,2008-04-07,2024-08-05,3988,1
NKNCP,RU0006765096,"Публичное Акционерное Общество ""Нижнекамскнефтехим""",Акция привилегированная,Акции,Рубль,,2008-04-18,2024-08-05,3980,1
NKSH,RU0009100515,"Публичное акционерное общество ""Нижнекамскшина""",Акция обыкновенная,Акции,Рубль,,2011-12-19,2024-08-05,2454,1
NLMK,RU0009046452,"Публичное акционерное общество ""Новолипецкий металлургический комбинат""",Акция обыкновенная,Акции,Рубль,,2006-04-18,2024-08-05,4577,1
NMTP,RU0009084446,"Публичное акционерное общество ""Новороссийский морской торговый порт""",Акция обыкновенная,Акции,Рубль,,2007-11-08,2024-08-05,4181,1
NNSB,RU000A0ET5A1,"Публичное акционерное общество ""ТНС энерго Нижний Новгород""",Акция обыкновенная,Акции,Рубль,,2006-10-31,2024-08-05,2641,1
NNSBP,RU000A0ET5B9,"Публичное акционерное общество ""ТНС энерго Нижний Новгород""",Акция привилегированная,Акции,Рубль,,2006-03-02,2024-08-05,3220,1
NSVZ,RU000A0JQLB6,"Публичное акционерное общество ""Наука-Связь""",Акция обыкновенная,Акции,Рубль,,2011-12-14,2024-08-05,2464,1
NVTK,RU000A0DKVS5,"публичное акционерное общество ""НОВАТЭК""",Акция обыкновенная,Акции,Рубль,,2006-08-18,2024-08-05,4493,1
OGKB,RU000A0JNG55,"Публичное акционерное общество ""Вторая генерирующая компания оптового рынка электроэнергии""",Акция обыкновенная,Акции,Рубль,,2007-06-22,2024-08-05,4281,1
OKEY,US6708662019,O'KEY Group S.A. (эмитент депозитарных расписок - RCS Trust and Corporate Services Ltd.),Депозитарные расписки иностранного эмитента на акции,Депозитарные расписки,,,2020-12-14,2024-08-05,902,1
OMZZP,RU0009090559,Публичное акционерное общество Объединенные машиностроительные заводы (Группа Уралмаш-Ижора),Акция привилегированная,Акции,Рубль,,2006-06-19,2024-08-05,3475,1
OZON,US69269L1044,Ozon Holdings PLC (эмитент депозитарных расписок - The Bank of New York Mellon),Депозитарные расписки иностранного эмитента на акции,Депозитарные расписки,,,2020-11-24,2024-08-05,917,1
OZPH,RU000A109B25,"Публичное акционерное общество ""Озон Фармацевтика""",Акция обыкновенная,Акции,Рубль,,2024-10-17,2024-12-24,49,1
PAZA,RU0009083240,"Публичное акционерное общество ""Павловский автобус""",Акция обыкновенная,Акции,Рубль,,2011-12-08,2024-08-05,1873,1
PHOR,RU000A0JRKT8,"Публичное акционерное общество ""ФосАгро""",Акция обыкновенная,Акции,Рубль,,2011-07-18,2024-08-05,3252,1
PIKK,RU000A0JP7J7,"Публичное акционерное общество ""ПИК-специализированный застройщик""",Акция обыкновенная,Акции,Рубль,,2007-06-29,2024-08-05,4267,1
PLZL,RU000A0JNAA8,"Публичное акционерное общество ""Полюс""",Акция обыкновенная,Акции,Рубль,,2006-05-12,2024-08-05,4562,1
PMSB,RU000A0ET123,"Публичное акционерное общество ""Пермская энергосбытовая компания""",Акция обыкновенная,Акции,Рубль,,2006-04-24,2024-08-05,3537,1
PMSBP,RU000A0ET156,"Публичное акционерное общество ""Пермская энергосбытовая компания""",Акция привилегированная,Акции,Рубль,,2007-02-19,2024-08-05,3850,1
POLY,,,,,,,2013-06-20,2024-08-05,2741,0
POSI,RU000A103X66,"Публичное акционерное общество ""Группа Позитив""",Акция обыкновенная,Акции,Рубль,,2021-12-17,2024-08-05,646,1
PRFN,RU000A0JNXF9,"Публичное акционерное общество ""Челябинский завод профилированного стального настила""",Акция обыкновенная,Акции,Рубль,,2012-10-25,2024-08-05,2405,1
PRMB,RU000A0DPNQ5,"акционерный коммерческий банк ""Приморье""  (публичное акционерное общество)",Акция обыкновенная,Акции,Рубль,,2011-05-16,2024-08-05,1612,1
PRMD,RU000A108JF7,"ПУБЛИЧНОЕ АКЦИОНЕРНОЕ ОБЩЕСТВО ""ПРОМОМЕД""",Акция обыкновенная,Акции,Рубль,,2024-07-12,2024-08-05,17,1
QIWI,US74735M1080,"NanduQ PLC (эмитент депозитарных расписок - RCS Stock Transfer, Inc.)",Депозитарные расписки иностранного эмитента на акции,Депозитарные расписки,,,2013-10-08,2024-08-05,2700,1
RASP,RU000A0B90N8,"Публичное акционерное общество ""Распадская""",Акция обыкновенная,Акции,Рубль,,2006-11-14,2024-08-05,4426,1
RBCM,RU000A0JR6A6,"Публичное акционерное общество ""Группа компаний РБК""",Акция обыкновенная,Акции,Рубль,,2011-01-19,2024-08-05,3398,1
RDRB,RU000A0JU6Q7,"""Российский акционерный коммерческий дорожный банк"" (публичное акционерное общество)",Акция обыкновенная,Акции,Рубль,,2013-11-01,2024-08-05,1157,1
RENI,RU000A0ZZM04,"Публичное акционерное общество ""Группа Ренессанс Страхование""",Акция обыкновенная,Акции,Рубль,,2021-10-21,2024-08-05,686,1
RGSS,RU0008010855,"Публичное акционерное общество Страховая Компания ""Росгосстрах""",Акция обыкновенная,Акции,Рубль,,2013-11-20,2024-08-05,2280,1
RKKE,RU0009095939,"Публичное акционерное общество ""Ракетно-космическая корпорация ""Энергия"" имени С.П. Королёва""",Акция обыкновенная,Акции,Рубль,,2008-06-11,2024-08-05,3491,1
RNFT,RU000A0JSE60,"Публичное акционерное общество Нефтегазовая компания ""РуссНефть""",Акция обыкновенная,Акции,Рубль,,2016-11-25,2024-08-05,1925,1
ROLO,RU000A0JU1B0,"Публичное акционерное общество ""Русолово""",Акция обыкновенная,Акции,Рубль,,2013-08-13,2024-08-05,2476,1
ROSB,,,,,,,2006-02-17,2024-08-05,4455,0
ROSN,RU000A0J2Q06,"публичное акционерное общество ""Нефтяная компания ""Роснефть""",Акция обыкновенная,Акции,Рубль,,2006-07-19,2024-08-05,4515,1
ROST,RU000A0JP922,"Публичное акционерное общество ""РОСИНТЕР РЕСТОРАНТС ХОЛДИНГ""",Акция обыкновенная,Акции,Рубль,,2008-08-15,2024-08-05,3860,1
RTGZ,RU000A0JPG04,"Публичное акционерное общество ""Газпром газораспределение Ростов-на-Дону""",Акция обыкновенная,Акции,Рубль,,2012-11-07,2024-08-05,2055,1
RTKM,RU0008943394,"Публичное акционерное общество ""Ростелеком""",Акция обыкновенная,Акции,Рубль,,2003-10-01,2024-08-05,5197,1
RTKMP,RU0009046700,"Публичное акционерное общество ""Ростелеком""",Акция привилегированная,Акции,Рубль,,2003-10-01,2024-08-05,5195,1
RTSB,RU000A0D8PB4,"Публичное акционерное общество ""ТНС энерго Ростов-на-Дону""",Акция обыкновенная,Акции,Рубль,,2005-12-27,2024-08-05,3599,1
RTSBP,RU000A0D8PC2,"Публичное акционерное общество ""ТНС энерго Ростов-на-Дону""",Акция привилегированная,Акции,Рубль,,2005-12-26,2024-08-05,3951,1
RUAL,RU000A1025V3,"Международная компания публичное акционерное общество ""Объединённая Компания ""РУСАЛ""""",Акция обыкновенная,Акции,Рубль,,2015-03-30,2024-08-05,2342,1
RUSI,RU000A0JQ9W5,"Публичное акционерное общество ""ИНВЕСТИЦИОННАЯ КОМПАНИЯ ИК РУСС-ИНВЕСТ""",Акция обыкновенная,Акции,Рубль,,2012-08-31,2024-08-05,1822,1
RZSB,RU000A0D9AF5,"Публичное акционерное общество ""Рязанская энергетическая сбытовая компания""",Акция обыкновенная,Акции,Рубль,,2006-02-08,2024-08-05,3564,1
SAGO,RU0009098255,"Публичное акционерное общество энергетики и электрификации ""Самараэнерго""",Акция обыкновенная,Акции,Рубль,,2003-07-21,2024-08-05,3331,1
SAGOP,RU0009084495,"Публичное акционерное общество энергетики и электрификации ""Самараэнерго""",Акция привилегированная,Акции,Рубль,,2003-07-21,2024-08-05,3345,1
SARE,RU0009100754,"Публичное акционерное общество ""Саратовэнерго""",Акция обыкновенная,Акции,Рубль,,2003-12-01,2024-08-05,3452,1
SAREP,RU0009100762,"Публичное акционерное общество ""Саратовэнерго""",Акция привилегированная,Акции,Рубль,,2003-12-01,2024-08-05,3457,1
SBER,RU0009029540,"Публичное акционерное общество ""Сбербанк России""",Акция обыкновенная,Акции,Рубль,,2007-07-20,2024-08-05,4265,1
SBERP,RU0009029557,"Публичное акционерное общество ""Сбербанк России""",Акция привилегированная,Акции,Рубль,,2007-07-20,2024-08-05,4265,1
SELG,RU000A0JPR50,"Публичное акционерное общество ""Селигдар""",Акция обыкновенная,Акции,Рубль,,2011-09-30,2024-08-05,3133,1
SFIN,RU000A0JVW89,"Публичное акционерное общество ""ЭсЭфАй""",Акция обыкновенная,Акции,Рубль,,2018-01-03,2024-08-05,1647,1
SGZH,RU000A102XG9,"Публичное акционерное общество Группа компаний ""Сегежа""",Акция обыкновенная,Акции,Рубль,,2021-04-28,2024-08-05,811,1
SIBN,RU0009062467,"Публичное акционерное общество ""Газпром нефть""",Акция обыкновенная,Акции,Рубль,,2003-07-10,2024-08-05,5264,1
SLEN,RU0009280465,"Публичное акционерное общество энергетики и электрификации ""Сахалинэнерго""",Акция обыкновенная,Акции,Рубль,,2017-02-06,2024-08-05,1868,1
SMLT,RU000A0ZZG02,"публичное акционерное общество ""Группа компаний ""Самолет""",Акция обыкновенная,Акции,Рубль,,2020-10-29,2024-08-05,935,1
SNGS,RU0008926258,"Публичное акционерное общество ""Сургутнефтегаз""",Акция обыкновенная,Акции,Рубль,,2003-07-31,2024-08-05,5251,1
SNGSP,RU0009029524,"Публичное акционерное общество ""Сургутнефтегаз""",Акция привилегированная,Акции,Рубль,,2003-07-31,2024-08-05,5251,1
SOFL,RU000A0ZZBC2,"Публичное акционерное общество ""Софтлайн""",Акция обыкновенная,Акции,Рубль,,2023-09-25,2024-08-05,220,1
SPBE,RU000A0JQ9P9,"Публичное акционерное общество ""СПБ Биржа""",Акция обыкновенная,Акции,Рубль,,2021-11-19,2024-08-05,666,1
STSB,RU000A0ET1W4,"Публичное акционерное общество ""Ставропольэнергосбыт""",Акция обыкновенная,Акции,Рубль,,2008-09-12,2024-08-05,3410,1
STSBP,RU000A0ET1Z7,"Публичное акционерное общество ""Ставропольэнергосбыт""",Акция привилегированная,Акции,Рубль,,2008-12-18,2024-08-05,3791,1
SVAV,RU0006914488,"Публичное акционерное общество ""СОЛЛЕРС""",Акция обыкновенная,Акции,Рубль,,2005-05-14,2024-08-05,4764,1
SVCB,RU000A0ZZAC4,"Публичное акционерное общество ""Совкомбанк""",Акция обыкновенная,Акции,Рубль,,2023-12-15,2024-08-05,161,1
SVET,RU000A100592,"Публичное акционерное общество ""Светофор Групп""",Акция обыкновенная,Акции,Рубль,,2021-01-18,2024-08-05,882,1
SVETP,RU000A1005A9,"Публичное акционерное общество ""Светофор Групп""",Акция привилегированная,Акции,Рубль,,2024-05-27,2024-08-05,50,1
T,RU000A107UL4,"Международная компания публичное акционерное общество ""Т-Технологии""",Акция обыкновенная,Акции,Рубль,,2023-11-30,2024-12-24,254,1
TASB,RU000A0D8NG8,"Публичное акционерное общество ""Тамбовская энергосбытовая компания""",Акция обыкновенная,Акции,Рубль,,2005-08-31,2024-08-05,3636,1
TASBP,RU000A0D8NH6,"Публичное акционерное общество ""Тамбовская энергосбытовая компания""",Акция привилегированная,Акции,Рубль,,2005-09-23,2024-08-05,3652,1
TATN,RU0009033591,"публичное акционерное общество ""Татнефть"" имени В.Д. Шашина",Акция обыкновенная,Акции,Рубль,,2001-12-07,2024-08-05,5657,1
TATNP,RU0006944147,"публичное акционерное общество ""Татнефть"" имени В.Д. Шашина",Акция привилегированная,Акции,Рубль,,2001-12-10,2024-08-05,5657,1
TCSG,,,,,,,2019-10-28,2024-08-05,1166,0
TGKA,RU000A0JNUD0,"Публичное акционерное общество ""Территориальная генерирующая компания №1""",Акция обыкновенная,Акции,Рубль,,2007-03-26,2024-08-05,4341,1
TGKB,RU000A0JNGS7,"Публичное акционерное общество ""Территориальная генерирующая компания №2""",Акция обыкновенная,Акции,Рубль,,2007-01-30,2024-08-05,4379,1
TGKBP,RU000A0JNGT5,"Публичное акционерное общество ""Территориальная генерирующая компания №2""",Акция привилегированная,Акции,Рубль,,2007-01-30,2024-08-05,4043,1
TGKN,RU000A0H1ES3,"Публичное акционерное общество ""Территориальная генерирующая компания № 14""",Акция обыкновенная,Акции,Рубль,,2007-04-13,2024-08-05,4245,1
TNSE,RU000A0JUCQ5,"Публичное акционерное общество Группа компаний ""ТНС энерго""",Акция обыкновенная,Акции,Рубль,,2015-06-17,2024-08-05,2196,1
TORS,RU000A0ETZF2,"Публичное акционерное общество ""Россети Томск""",Акция обыкновенная,Акции,Рубль,,2005-12-29,2024-08-05,3407,1
TORSP,RU000A0ETZM8,"Публичное акционерное общество ""Россети Томск""",Акция привилегированная,Акции,Рубль,,2006-01-17,2024-08-05,3906,1
TRMK,RU000A0B6NK6,"Публичное акционерное общество ""Трубная Металлургическая Компания""",Акция обыкновенная,Акции,Рубль,,2007-04-17,2024-08-05,4315,1
TRNFP,RU0009091573,"Публичное акционерное общество ""Транснефть""",Акция привилегированная,Акции,Рубль,,2008-01-14,2024-08-05,4143,1
TTLK,RU000A0HM5C1,"Публичное акционерное общество ""Таттелеком""",Акция обыкновенная,Акции,Рубль,,2007-03-26,2024-08-05,4259,1
TUZA,RU000A0HL7A2,"Публичное акционерное общество ""Туймазинский завод автобетоновозов""",Акция обыкновенная,Акции,Рубль,,2008-09-12,2024-08-05,2730,1
UGLD,RU000A0JPP37,"Публичное акционерное общество ""Южуралзолото Группа Компаний""",Акция обыкновенная,Акции,Рубль,,2023-11-22,2024-08-05,178,1
UKUZ,RU0005294775,"Публичное акционерное общество ""Угольная компания ""Южный Кузбасс""",Акция обыкновенная,Акции,Рубль,,2008-09-30,2024-08-05,3643,1
UNAC,RU000A0JPLZ7,"Публичное акционерное общество ""Объединенная авиастроительная корпорация""",Акция обыкновенная,Акции,Рубль,,2013-09-17,2024-08-05,2725,1
UNKL,RU0004887991,"Публичное акционерное общество ""Южно-Уральский никелевый комбинат""",Акция обыкновенная,Акции,Рубль,,2012-04-20,2024-08-05,2477,1
UPRO,RU000A0JNGA5,"Публичное акционерное общество ""Юнипро""",Акция обыкновенная,Акции,Рубль,,2016-07-01,2024-08-05,2029,1
URKZ,RU000A0JPFY2,"Публичное акционерное общество ""Уральская кузница""",Акция обыкновенная,Акции,Рубль,,2012-05-12,2024-08-05,2445,1
USBN,RU0006929536,"Публичное акционерное общество ""БАНК УРАЛСИБ""",Акция обыкновенная,Акции,Рубль,,2011-12-14,2024-08-05,3076,1
UTAR,RU0007661385,"Публичное акционерное общество ""Авиакомпания ""ЮТэйр""",Акция обыкновенная,Акции,Рубль,,2005-02-18,2024-08-05,4798,1
UWGN,RU000A0JVBT9,"Публичное акционерное общество ""Научно-производственная корпорация ""Объединенная Вагонная Компания""",Акция обыкновенная,Акции,Рубль,,2015-04-30,2024-08-05,2317,1
VEON-RX,BMG9349W1038,VEON Ltd.,Акции иностранного эмитента,Акции,Доллар США,,2021-11-26,2024-08-05,659,1
VGSB,RU000A0D8L73,"Публичное акционерное общество ""Волгоградэнергосбыт""",Акция обыкновенная,Акции,Рубль,,2005-09-28,2024-08-05,3615,1
VGSBP,RU000A0D8L57,"Публичное акционерное общество ""Волгоградэнергосбыт""",Акция привилегированная,Акции,Рубль,,2006-04-24,2024-08-05,3254,1
VJGZ,RU0009046460,"Публичное акционерное общество ""ННК-Варьеганнефтегаз""",Акция обыкновенная,Акции,Рубль,,2011-12-14,2024-08-05,2093,1
VJGZP,RU0007964789,"Публичное акционерное общество ""ННК-Варьеганнефтегаз""",Акция привилегированная,Акции,Рубль,,2011-12-27,2024-08-05,2213,1
VKCO,RU000A106YF0,"Международная компания Публичное акционерное общество ""ВК""",Акция обыкновенная,Акции,Рубль,,2021-12-14,2024-08-05,625,1
VLHZ,RU0007984761,"Публичное акционерное общество ""Владимирский химический завод""",Акция обыкновенная,Акции,Рубль,,2006-08-28,2024-08-05,3898,1
VRSB,RU000A0DPG67,"Публичное акционерное общество ""ТНС энерго Воронеж""",Акция обыкновенная,Акции,Рубль,,2006-03-22,2024-08-05,2417,1
VRSBP,RU000A0DPG75,"Публичное акционерное общество ""ТНС энерго Воронеж""",Акция привилегированная,Акции,Рубль,,2006-07-28,2024-08-05,2373,1
VSEH,RU000A108K09,"Публичное акционерное общество ""ВИ.ру""",Акция обыкновенная,Акции,Рубль,,2024-07-05,2024-08-05,22,1
VSMO,RU0009100291,"публичное акционерное общество ""Корпорация ВСМПО-АВИСМА""",Акция обыкновенная,Акции,Рубль,,2005-03-02,2024-08-05,4728,1
VSYD,RU0006334372,"Публичное акционерное общество ""Выборгский судостроительный завод""",Акция обыкновенная,Акции,Рубль,,2012-10-02,2024-08-05,1864,1
VSYDP,RU0006334380,"Публичное акционерное общество ""Выборгский судостроительный завод""",Акция привилегированная,Акции,Рубль,,2012-10-09,2024-08-05,1635,1
VTBR,RU000A0JP5V6,Банк ВТБ (публичное акционерное общество),Акция обыкновенная,Акции,Рубль,,2007-05-28,2024-08-05,4221,1
WTCM,RU0008137070,"Публичное акционерное общество ""Центр международной торговли""",Акция обыкновенная,Акции,Рубль,,2007-10-29,2024-08-05,3442,1
WTCMP,RU0008137088,"Публичное акционерное общество ""Центр международной торговли""",Акция привилегированная,Акции,Рубль,,2007-10-30,2024-08-05,2691,1
WUSH,RU000A105EX7,"Публичное акционерное общество ""ВУШ Холдинг""",Акция обыкновенная,Акции,Рубль,,2022-12-14,2024-08-05,417,1
YAKG,RU0007796819,"Публичное акционерное общество ""Якутская топливно-энергетическая компания""",Акция обыкновенная,Акции,Рубль,,2011-12-21,2024-08-05,2326,1
YDEX,RU000A107T19,"Международная компания публичное акционерное общество ""ЯНДЕКС""",Акция обыкновенная,Акции,Рубль,,2024-07-24,2024-08-05,9,1
YKEN,RU0009257075,"Публичное акционерное общество ""Якутскэнерго""",Акция обыкновенная,Акции,Рубль,,2004-12-02,2024-08-05,4675,1
YKENP,RU0007796827,"Публичное акционерное общество ""Якутскэнерго""",Акция привилегированная,Акции,Рубль,,2008-09-23,2024-08-05,3527,1
YRSB,RU000A0D8760,"Публичное акционерное общество ""ТНС энерго Ярославль""",Акция обыкновенная,Акции,Рубль,,2005-11-08,2024-08-05,2144,1
YRSBP,RU000A0D88B3,"Публичное акционерное общество ""ТНС энерго Ярославль""",Акция привилегированная,Акции,Рубль,,2007-03-12,2024-08-05,2404,1
ZAYM,RU000A107RM8,"Публичное акционерное общество Микрофинансовая компания ""Займер""",Акция обыкновенная,Акции,Рубль,,2024-04-12,2024-08-05,80,1
ZILL,RU0009086193,"Публичное акционерное общество ""Завод имени И.А. Лихачева""",Акция обыкновенная,Акции,Рубль,,2011-12-21,2024-08-05,2876,1
ZVEZ,RU0009091300,"Публичное акционерное общество ""ЗВЕЗДА""",Акция обыкновенная,Акции,Рубль,,2012-01-13,2024-08-05,2271,1
