common,preferred,issuer
BANE,BANEP,Bashneft
BSPB,BSPBP,Bank Saint Petersburg
VGSB,VGSBP,Volgogradenergosbyt
VSYD,VSYDP,Vyborg Shipyard
GAZA,GAZAP,GAZ
IGST,IGSTP,Izhstal
KZOS,KZOSP,Kazanorgsintez
KRSB,KRSBP,Krasnoyarskenergosbyt
KAZT,KAZTP,KuibyshevAzot
KGKC,KGKCP,Kurgan Generating Company
LNZL,LNZLP,Lenzoloto
MTLR,MTLRP,Mechel
MGTS,MGTSP,MGTS
KROT,KROTP,Krasny Oktyabr
NKNC,NKNCP,Nizhnekamskneftekhim
VJGZ,VJGZP,Varyeganneftegaz
DZRD,DZRDP,Donskoy Radio Components Plant
PMSB,PMSBP,Perm Energy Supply
LSNG,LSNGP,Rosseti Lenenergo
TORS,TORSP,Rosseti Tomsk
RTKM,RTKMP,Rostelecom
KRKN,KRKNP,Saratov Refinery
SARE,SAREP,Saratovenergo
SBER,SBERP,Sberbank
SVET,SVETP,Svetofor Group
MFGS,MFGSP,Slavneft Megionneftegaz
JNOS,JNOSP,Slavneft YANOS
STSB,STSBP,Stavropolenergosbyt
SNGS,SNGSP,Surgutneftegas
TASB,TASBP,Tambov Energy Supply
TATN,TATNP,Tatneft
TGKB,TGKBP,TGC-2
VRSB,VRSBP,TNS Energo Voronezh
MISB,MISBP,TNS Energo Mari El
NNSB,NNSBP,TNS Energo Nizhny Novgorod
RTSB,RTSBP,TNS Energo Rostov
YRSB,YRSBP,TNS Energo Yaroslavl
WTCM,WTCMP,World Trade Center Moscow
CNTL,CNTLP,Central Telegraph
KCHE,KCHEP,Kamchatskenergo
MAGE,MAGEP,Magadanenergo
SAGO,SAGOP,Samaraenergo
YKEN,YKENP,Yakutskenergo
