id,theme,reference,why_used
1,Price discovery,"Hasbrouck, J. (1995). One Security, Many Markets: Determining the Contributions to Price Discovery. Journal of Finance, 50(4), 1175-1199.","Canonical information-share framework."
2,Cointegration,"Gonzalo, J., & Granger, C. W. J. (1995). Estimation of Common Long-Memory Components in Cointegrated Systems. Journal of Business & Economic Statistics, 13(1), 27-35.","Permanent-transitory decomposition and component shares."
3,Price discovery,"Baillie, R. T., Booth, G. G., Tse, Y., & Zabotina, T. (2002). Price Discovery and Common Factor Models. Journal of Financial Markets, 5(3), 309-321.","Direct comparison of Hasbrouck and PT/GG approaches."
4,Price discovery,"Hasbrouck, J. (2002). Stalking the Efficient Price in Market Microstructure Specifications: An Overview. Journal of Financial Markets, 5(3), 329-339.","Efficient-price interpretation and identification."
5,Price discovery,"Yan, B., & Zivot, E. (2010). A Structural Analysis of Price Discovery Measures. Journal of Financial Markets, 13(1), 1-19.","Structural interpretation of IS and CS."
6,Price discovery,"Putniņš, T. J. (2013). What Do Price Discovery Metrics Really Measure? Journal of Empirical Finance, 23, 68-83.","Information leadership and noise sensitivity."
7,Price discovery,"Lien, D., & Shrestha, K. (2009). A New Information Share Measure. Journal of Futures Markets, 29(4), 377-395.","Order-invariant modified information share benchmark."
8,Price discovery,"de Jong, F., & Schotman, P. C. (2010). Price Discovery in Fragmented Markets. Journal of Financial Econometrics, 8(1), 1-28.","Identification and fragmented-market price discovery."
9,State-space,"Menkveld, A. J., Koopman, S. J., & Lucas, A. (2007). Modeling Around-the-Clock Price Discovery for Cross-Listed Stocks Using State Space Methods. Journal of Business & Economic Statistics, 25(2), 213-225.","Latent efficient-price framework."
10,Price discovery,"Shen, S., Sultan, S. G., & Zivot, E. (2024). Price Discovery Share: An Order Invariant Measure of Price Discovery. Finance Research Letters, 67, 105734.","Modern order-invariant price-discovery benchmark."
11,Price discovery,"Shen, S., Zhang, Y., & Zivot, E. (2025). Improving Information Leadership Share for Measuring Price Discovery. Journal of Empirical Finance, 83, 101638.","Modern order-invariant/correlation-robust leadership literature."
12,Price discovery,"Harris, F. H. deB., McInish, T. H., Shoesmith, G. L., & Wood, R. A. (1995). Cointegration, Error Correction, and Price Discovery on Informationally Linked Security Markets. Journal of Financial and Quantitative Analysis, 30(4), 563-579.","Foundational ECM application to linked securities."
13,Price discovery,"Booth, G. G., So, R. W., & Tse, Y. (1999). Price Discovery in the German Equity Index Derivatives Markets. Journal of Futures Markets, 19(6), 619-643.","Security-design and price-leadership comparison."
14,Price discovery,"Chu, Q. C., Hsieh, W.-L. G., & Tse, Y. (1999). Price Discovery on the S&P 500 Index Markets: An Analysis of Spot Index, Index Futures, and SPDRs. International Review of Financial Analysis, 8(1).","Johansen/VECM price-discovery application."
15,Price discovery,"Mizrach, B., & Neely, C. J. (2008). Information Shares in the U.S. Treasury Market. Journal of Banking & Finance, 32(7), 1221-1233.","Liquidity determinants of information share."
16,Dual class,"Grossman, S. J., & Hart, O. D. (1988). One Share-One Vote and the Market for Corporate Control. Journal of Financial Economics, 20, 175-202.","Theoretical benchmark for voting rights and control."
17,Dual class,"Zingales, L. (1994). The Value of the Voting Right: A Study of the Milan Stock Exchange Experience. Review of Financial Studies, 7(1), 125-148.","Canonical empirical voting-right valuation."
18,Dual class,"Nenova, T. (2003). The Value of Corporate Voting Rights and Control: A Cross-Country Analysis. Journal of Financial Economics, 68(3), 325-351.","Control value, investor protection, and cross-country institutional heterogeneity."
19,Dual class,"Dyck, A., & Zingales, L. (2004). Private Benefits of Control: An International Comparison. Journal of Finance, 59(2), 537-600.","Private benefits of control and vote value."
20,Dual class,"Neumann, R. (2003). Price Differentials between Dual-Class Stocks: Voting Premium or Liquidity Discount? European Financial Management, 9(3), 315-332.","Separates voting and liquidity explanations."
21,Dual class,"Gompers, P. A., Ishii, J., & Metrick, A. (2010). Extreme Governance: An Analysis of Dual-Class Firms in the United States. Review of Financial Studies, 23(3), 1051-1088.","Control-cash-flow wedge and firm value."
22,Dual class,"Masulis, R. W., Wang, C., & Xie, F. (2009). Agency Problems at Dual-Class Companies. Journal of Finance, 64(4), 1697-1727.","Agency costs from disproportionate control."
23,Dual class,"Cremers, M., Lauterbach, B., & Pajuste, A. (2024). The Life Cycle of Dual-Class Firm Valuation. Review of Corporate Finance Studies, 13(2), 459-493.","Dynamic valuation of dual-class structures."
24,Dual class,"Levit, D., Malenko, N., & Maug, E. (2026). The Voting Premium. Journal of Finance, 81(3), 1321-1375.","Modern theory showing observed voting premium need not equal economic vote value."
25,Russia,"Muravyev, A. (2009). Dual Class Stock in Russia: Explaining a Pricing Anomaly. Emerging Markets Finance and Trade, 45(2), 21-43.","Russian common-preferred price differential; control and liquidity mechanisms."
26,Russia,"Muravyev, A. (2013). Investor Protection and the Value of Shares: Evidence from Statutory Rules Governing Variations of Shareholders' Class Rights in an Emerging Market. Journal of Law, Economics, and Organization, 29(6), 1344-1383.","Russian quasi-experiment on preferred-share class rights."
27,Russia,"Telyatnikov, N. (2024). Dual Class Stock Companies: Global Experience and Russian Practice. Journal of Applied Economic Research, 23(3), 801-832.","Recent Russian dual-class institutional evidence."
28,Russia,"HSE University (2026). Market Microstructure and Price Discovery in Dual-Class Shares: Empirical Evidence from the Moscow Exchange. Student thesis.","Closest recent MOEX intraday comparator; used to delimit novelty."
29,Cointegration,"Engle, R. F., & Granger, C. W. J. (1987). Co-Integration and Error Correction: Representation, Estimation, and Testing. Econometrica, 55(2), 251-276.","Error-correction foundation."
30,Cointegration,"Johansen, S. (1988). Statistical Analysis of Cointegration Vectors. Journal of Economic Dynamics and Control, 12(2-3), 231-254.","Maximum-likelihood cointegration rank testing."
31,Cointegration,"Johansen, S. (1991). Estimation and Hypothesis Testing of Cointegration Vectors in Gaussian Vector Autoregressive Models. Econometrica, 59(6), 1551-1580.","VECM inference."
32,Unit roots,"Dickey, D. A., & Fuller, W. A. (1979). Distribution of the Estimators for Autoregressive Time Series with a Unit Root. Journal of the American Statistical Association, 74(366), 427-431.","ADF/unit-root foundation."
33,Unit roots,"Kwiatkowski, D., Phillips, P. C. B., Schmidt, P., & Shin, Y. (1992). Testing the Null Hypothesis of Stationarity against the Alternative of a Unit Root. Journal of Econometrics, 54(1-3), 159-178.","Stationarity robustness test."
34,Structural change,"Gregory, A. W., & Hansen, B. E. (1996). Residual-Based Tests for Cointegration in Models with Regime Shifts. Journal of Econometrics, 70(1), 99-126.","Cointegration under endogenous structural change."
35,Nonlinearity,"Hansen, B. E., & Seo, B. (2002). Testing for Two-Regime Threshold Cointegration in Vector Error-Correction Models. Journal of Econometrics, 110(2), 293-318.","Threshold adjustment benchmark."
36,Structural change,"Johansen, S., Mosconi, R., & Nielsen, B. (2000). Cointegration Analysis in the Presence of Structural Breaks in the Deterministic Trend. Econometrics Journal, 3(2), 216-249.","Break-aware cointegration."
37,Liquidity,"Amihud, Y. (2002). Illiquidity and Stock Returns: Cross-Section and Time-Series Effects. Journal of Financial Markets, 5(1), 31-56.","Daily price-impact/illiquidity proxy."
38,Liquidity,"Roll, R. (1984). A Simple Implicit Measure of the Effective Bid-Ask Spread in an Efficient Market. Journal of Finance, 39(4), 1127-1139.","Classic transaction-cost proxy."
39,Microstructure,"Kyle, A. S. (1985). Continuous Auctions and Insider Trading. Econometrica, 53(6), 1315-1335.","Information, depth, and price impact."
40,Microstructure,"Glosten, L. R., & Milgrom, P. R. (1985). Bid, Ask and Transaction Prices in a Specialist Market with Heterogeneously Informed Traders. Journal of Financial Economics, 14(1), 71-100.","Adverse selection and price formation."
41,Microstructure,"Madhavan, A. (2000). Market Microstructure: A Survey. Journal of Financial Markets, 3(3), 205-258.","Microstructure synthesis."
42,Governance,"La Porta, R., Lopez-de-Silanes, F., Shleifer, A., & Vishny, R. W. (1998). Law and Finance. Journal of Political Economy, 106(6), 1113-1155.","Investor-protection institutional background."
